"","Player","PER","WS.48","WAR.G","G"
"1","Michael Jordan",27.81,0.25,0.263199626865672,1037
"2","LeBron James",27.72,0.238,0.29503937007874,1143
"3","Anthony Davis",26.86,0.21,0.149487804878049,410
"4","Wilt Chamberlain",26.14,0.246,0,1106
"5","David Robinson",25.84,0.25,0.221306990881459,981
"6","Chris Paul",25.62,0.251,0.229742152466368,892
"7","Shaquille O'Neal",25.51,0.203,0.15884858044164,1077
"8","Kevin Durant",25.27,0.219,0.18,744
"9","Charles Barkley",24.45,0.216,0.235274930102516,1053
"10","Karl-Anthony Towns",24.43,0.196,0.153658536585366,246
"11","Bob Pettit",24.14,0.205,0,435
"12","Magic Johnson",24.09,0.225,0.230662251655629,837
"13","Kareem Abdul-Jabbar",24.07,0.228,0.148673076923077,1560
"14","Tim Duncan",24.02,0.209,0.173405172413793,1392
"15","Nikola Jokic",23.99,0.209,0.164605263157895,228
"16","Stephen Curry",23.91,0.208,0.199584,599
"17","Russell Westbrook",23.88,0.168,0.2025,702
"18","Hassan Whiteside",23.8,0.202,0.0428413284132841,150
"19","Karl Malone",23.76,0.205,0.187682926829268,1434
"20","Larry Bird",23.46,0.203,0.239598662207358,891
"21","Joel Embiid",23.3,0.144,0.0919148936170213,63
"22","Hakeem Olajuwon",23.23,0.176,0.168368336025848,1133
"23","James Harden",23.04,0.22,0.196506550218341,687
"24","Yao Ming",22.96,0.2,0.095,481
"25","Dwyane Wade",22.95,0.162,0.149027645376549,982
"26","Oscar Robertson",22.91,0.207,0.003375,1040
"27","Jerry West",22.81,0.213,0.00492489270386266,901
"28","DeMarcus Cousins",22.66,0.119,0.118764415156507,590
"29","Kobe Bryant",22.39,0.17,0.145029717682021,1234
"30","Elgin Baylor",22.36,0.146,0,765
"31","Dirk Nowitzki",22.23,0.196,0.122794017675051,1370
"32","Blake Griffin",22.14,0.169,0.139829642248722,494
"33","Julius Erving",21.91,0.178,0.166650717703349,836
"34","Kevin Garnett",21.79,0.181,0.169085487077535,1323
"35","Kyrie Irving",21.78,0.158,0.124285714285714,441
"36","Andre Drummond",21.77,0.159,0.0746436285097192,403
"37","Kawhi Leonard",21.75,0.218,0.171154791154791,398
"38","Moses Malone",21.67,0.177,0.0885967399007796,1326
"39","Kevin Love",21.65,0.181,0.105874015748031,617
"40","George Gervin",21.5,0.16,0.0795322376738306,791
"41","Dwight Howard",21.48,0.173,0.104608695652174,994
"42","John Stockton",21.45,0.209,0.118304521276596,1372
"43","Amar'e Stoudemire",21.41,0.168,0.0504198895027624,638
"44","Pau Gasol",21.34,0.169,0.127511885895404,1196
"45","Dominique Wilkins",21.32,0.149,0.102778745644599,1096
"46","Bob Lanier",21.25,0.175,0.117563600782779,920
"47","Arvydas Sabonis",21.09,0.199,0.095936170212766,281
"48","Damian Lillard",21.07,0.164,0.141620469083156,469
"49","Tracy McGrady",20.93,0.149,0.140857438016529,708
"50","Adrian Dantley",20.92,0.187,0.121951219512195,934
"51","Clyde Drexler",20.88,0.176,0.189139414802065,1004
"52","Clint Capela",20.87,0.191,0.0532894736842105,139
"53","Dan Issel",20.86,0.177,0.0823537604456825,718
"54","John Drew",20.67,0.152,0.0650338294993234,676
"55","LaMarcus Aldridge",20.65,0.156,0.0798504027617952,806
"56","Alonzo Mourning",20.54,0.164,0.0737485714285714,686
"57","Brook Lopez",20.49,0.129,0.0602830188679245,614
"58","Patrick Ewing",20.46,0.149,0.0930252100840336,1054
"59","Chris Bosh",20.46,0.159,0.0831466965285554,893
"60","Carmelo Anthony",20.32,0.129,0.0718567639257295,1064
"61","Greg Monroe",20.32,0.139,0.07846875,538
"62","Chris Webber",20.3,0.125,0.138800834202294,830
"63","Allen Iverson",20.27,0.12,0.116729323308271,990
"64","Al Jefferson",20.11,0.13,0.0442622950819672,636
"65","Enes Kanter",20.04,0.145,0.00365482233502538,380
"66","Ben Simmons",20,0.162,0.153333333333333,81
"67","Marques Johnson",19.95,0.161,0.131287988422576,671
"68","Rick Barry",19.89,0.156,0.0880730478589421,794
"69","Rudy Gobert",19.89,0.203,0.125446153846154,280
"70","Bob McAdoo",19.88,0.149,0.0864,675
"71","Kevin Johnson",19.86,0.173,0.095079754601227,632
"72","Isaiah Thomas",19.82,0.149,0.0712762237762238,441
"73","Manu Ginobili",19.74,0.19,0.120823084200568,658
"74","Brandon Roy",19.67,0.156,0.126717791411043,274
"75","Elton Brand",19.62,0.151,0.115349716446125,895
"76","Kenneth Faried",19.62,0.156,0.0557142857142857,302
"77","Kevin McHale",19.61,0.18,0.0945417095777549,915
"78","Jonas Valanciunas",19.58,0.176,0.0312954545454545,378
"79","John Wall",19.53,0.106,0.107301293900185,500
"80","Giannis Antetokounmpo",19.52,0.145,0.118167938931298,393
"81","Clyde Lovellette",19.51,0.184,0,135
"82","Bill Walton",19.49,0.142,0.123461538461538,321
"83","JaVale McGee",19.48,0.131,0.0172429906542056,140
"84","David Thompson",19.43,0.149,0.0673673870333988,390
"85","Steve Nash",19.4,0.164,0.0696631059983566,1097
"86","Alex English",19.26,0.126,0.0794492525570417,1187
"87","Carlos Boozer",19.24,0.143,0.0693031358885017,791
"88","Walt Bellamy",19.23,0.157,0.00293023255813953,1167
"89","Zach Randolph",19.21,0.111,0.0319554030874786,970
"90","Clark Kellogg",19.21,0.118,0.0924230769230769,237
"91","Jimmy Butler",19.2,0.186,0.13617903930131,416
"92","Larry Nance",19.2,0.167,0.123397590361446,807
"93","Billy Cunningham",19.19,0.135,0.0194036697247706,634
"94","Paul Pierce",19.1,0.157,0.123440059568131,1250
"95","Mark Price",19.07,0.158,0.0841412742382272,521
"96","Nikola Vucevic",19.06,0.112,0.0592105263157895,405
"97","Terrell Brandon",19.03,0.146,0.0881052631578947,656
"98","Bernard King",18.97,0.123,0.084954233409611,817
"99","Michael Redd",18.97,0.133,0.0643879173290938,444
"100","David Lee",18.93,0.15,0.0705542986425339,579
"101","Walt Frazier",18.89,0.176,0.0684,810
"102","Bailey Howell",18.88,0.18,0,950
"103","Paul Millsap",18.87,0.152,0.10584,755
"104","Kemba Walker",18.85,0.111,0.100152963671128,523
"105","Brad Daugherty",18.8,0.156,0.113813868613139,507
"106","Al Horford",18.8,0.158,0.115445682451253,678
"107","Sam Cassell",18.78,0.137,0.0647806624888093,806
"108","Robert Parish",18.77,0.154,0.0697206703910615,1336
"109","Shareef Abdur-Rahim",18.76,0.12,0.0669836065573771,877
"110","Stephon Marbury",18.72,0.119,0.0849282786885246,846
"111","Cliff Hagan",18.7,0.157,0,536
"112","Sam Jones",18.66,0.184,0,744
"113","Artis Gilmore",18.66,0.17,0.107724489795918,838
"114","Marc Gasol",18.63,0.146,0.125195530726257,716
"115","Cedric Ceballos",18.58,0.127,0.0228016085790885,332
"116","Walter Davis",18.55,0.125,0.0464673913043478,838
"117","Paul Westphal",18.52,0.155,0.0583961117861482,568
"118","Jerry Lucas",18.5,0.148,0.00241071428571429,892
"119","Ray Allen",18.45,0.15,0.122049418604651,1347
"120","Willis Reed",18.4,0.156,0.00124615384615385,620
"121","Grant Hill",18.39,0.138,0.111842105263158,880
"122","Chris Mullin",18.37,0.139,0.105699797160243,789
"123","Andrei Kirilenko",18.33,0.151,0.143638644918444,704
"124","David West",18.31,0.142,0.0673694390715667,714
"125","Mark Aguirre",18.31,0.115,0.0659521435692921,826
"126","John Collins",18.3,0.145,0.062027027027027,74
"127","Kristaps Porzingis",18.29,0.101,0.0406451612903226,186
"128","Shawn Marion",18.28,0.147,0.120718146718147,1144
"129","Scottie Pippen",18.27,0.146,0.159066213921902,1155
"130","Bill Russell",18.26,0.191,0,776
"131","Reggie Miller",18.23,0.176,0.12304535637149,1389
"132","Shawn Kemp",18.22,0.146,0.0701332064700285,785
"133","George Yardley",18.2,0.18,0,73
"134","Paul George",18.18,0.146,0.125521821631879,460
"135","Vince Carter",18.17,0.134,0.10643729903537,1235
"136","Chauncey Billups",18.16,0.169,0.0915541601255887,1052
"137","Gus Williams",18.1,0.127,0.0831272727272727,792
"138","Gary Payton",18.07,0.146,0.123128834355828,1387
"139","Tony Parker",18.07,0.142,0.0599499165275459,1143
"140","Zydrunas Ilgauskas",18.06,0.139,0.0416370106761566,616
"141","Lou Williams",18.06,0.126,0.0375477707006369,671
"142","Isiah Thomas",18.05,0.109,0.103421859039837,979
"143","World B. Free",18.04,0.119,0.0447653806047967,791
"144","Jeff Ruland",18.04,0.148,0.12605421686747,236
"145","Andrew Bynum",18.04,0.162,0.0535135135135135,207
"146","Alvan Adams",18.04,0.13,0.107672064777328,918
"147","Roy Tarpley",18.03,0.127,0.0395357142857143,126
"148","Pete Maravich",17.97,0.089,0.0408273894436519,615
"149","Sidney Moncrief",17.96,0.187,0.119335071707953,600
"150","DeAndre Jordan",17.91,0.174,0.0792,627
"151","Deron Williams",17.89,0.127,0.0740143737166324,898
"152","Tom Heinsohn",17.88,0.151,0,447
"153","Mason Plumlee",17.86,0.138,0.0666382978723404,299
"154","Gilbert Arenas",17.85,0.118,0.10548231511254,441
"155","Antawn Jamison",17.85,0.112,0.0430026109660574,1055
"156","Kyle Lowry",17.84,0.153,0.115092165898618,781
"157","Dan Roundfield",17.81,0.133,0.0933780160857909,654
"158","Bill Sharman",17.81,0.185,0,132
"159","Steve Francis",17.8,0.115,0.122879256965944,568
"160","Calvin Murphy",17.79,0.132,0.0441916167664671,874
"161","Rik Smits",17.71,0.117,0.0267820069204152,818
"162","Derrick Coleman",17.69,0.119,0.0753649167733675,660
"163","Jason Kidd",17.66,0.13,0.147916120576671,1394
"164","Derrick Favors",17.65,0.133,0.0476971608832808,441
"165","Tiago Splitter",17.62,0.178,0.0517183098591549,81
"166","Vlade Divac",17.59,0.137,0.107619047619048,1083
"167","Baron Davis",17.58,0.106,0.10926517571885,806
"168","Brad Miller",17.54,0.149,0.0796153846153846,643
"169","Bob Cousy",17.54,0.139,0,302
"170","Chet Walker",17.53,0.169,0.0143895348837209,1032
"171","Kiki Vandeweghe",17.53,0.146,0.0366315789473684,547
"172","Marcus Camby",17.53,0.137,0.100334538878843,837
"173","George McGinnis",17.53,0.099,0.094342762063228,452
"174","Dave Bing",17.49,0.101,0.0257713651498335,901
"175","James Worthy",17.49,0.13,0.0828077753779698,926
"176","DeMar DeRozan",17.47,0.113,0.032,675
"177","Bill McGill",17.47,0.122,0,142
"178","Eric Bledsoe",17.45,0.104,0.0768021201413428,449
"179","Corey Maggette",17.44,0.128,0.0310157194679565,532
"180","Dino Radja",17.44,0.093,0.0277232142857143,199
"181","Tyreke Evans",17.43,0.078,0.0635575221238938,460
"182","Nerlens Noel",17.43,0.114,0.0591240875912409,142
"183","Carl Landry",17.42,0.143,0.0137219730941704,237
"184","Chris Gatling",17.41,0.113,-0.00198738170347003,159
"185","Jeff Hornacek",17.39,0.151,0.106879861711322,1082
"186","Fat Lever",17.39,0.123,0.12063829787234,717
"187","Fred Brown",17.39,0.124,0.0465420560747664,779
"188","John Havlicek",17.35,0.136,0.0263622047244095,1270
"189","Calvin Natt",17.33,0.14,0.0635520684736091,586
"190","Nikola Pekovic",17.33,0.134,0.0209225092250923,116
"191","Derrick Rose",17.31,0.095,0.0493269230769231,421
"192","Terry Cummings",17.31,0.128,0.0528400954653938,849
"193","Elvin Hayes",17.29,0.116,0.0482808902532617,1222
"194","Joakim Noah",17.29,0.16,0.120096,543
"195","Rod Strickland",17.27,0.117,0.0669248644461658,835
"196","Dwight Powell",17.27,0.166,0.0362544169611307,79
"197","John Henson",17.25,0.113,0.0352173913043478,146
"198","Tiny Archibald",17.24,0.128,0.0292808219178082,761
"199","Mike Conley",17.24,0.13,0.0846100278551532,653
"200","Mitch Richmond",17.23,0.111,0.0688831967213115,875
"201","Gheorghe Muresan",17.23,0.135,0.0219869706840391,222
"202","Ricky Pierce",17.2,0.147,0.0304878048780488,527
"203","Gordon Hayward",17.17,0.128,0.0861702127659575,444
"204","Dolph Schayes",17.17,0.125,0,154
"205","Flynn Robinson",17.13,0.126,0,377
"206","Jack Sikma",17.11,0.146,0.102926829268293,1107
"207","Jusuf Nurkic",17.1,0.079,0.0258415841584158,79
"208","Cliff Robinson",17.09,0.076,0.0193687230989957,606
"209","Nene Hilario",17.08,0.139,0.071008316008316,636
"210","Lou Hudson",17.06,0.13,0.0178988764044944,833
"211","Spencer Haywood",17.05,0.113,0.0189130434782609,658
"212","Nikola Mirotic",17.01,0.128,0.0460975609756098,218
"213","Larry McNeill",17.01,0.125,0.00294277929155313,162
"214","Marcin Gortat",17,0.145,0.0495589988081049,664
"215","Myles Turner",17,0.132,0.0524271844660194,146
"216","Richie Guerin",16.99,0.129,0,685
"217","Toni Kukoc",16.99,0.127,0.0792967942088935,669
"218","Johnny Green",16.96,0.115,0,710
"219","Todd MacCulloch",16.94,0.167,0.0230044843049327,62
"220","Billy Ray Bates",16.92,0.09,-0.00262135922330097,77
"221","Jack Twyman",16.91,0.126,0,462
"222","Mehmet Okur",16.91,0.142,0.0672870662460568,532
"223","Emeka Okafor",16.91,0.114,0.03375,537
"224","Serge Ibaka",16.9,0.137,0.0502242744063325,662
"225","Tim Hardaway",16.88,0.119,0.076430155210643,1144
"226","Dave Cowens",16.87,0.14,0.0923498694516971,726
"227","Reggie Lewis",16.87,0.127,0.078,401
"228","Rasheed Wallace",16.86,0.138,0.0912999150382328,1084
"229","Earl Monroe",16.85,0.124,0.0191102123356926,707
"230","Jermaine O'Neal",16.83,0.112,0.0360333642261353,610
"231","Terry Porter",16.82,0.15,0.0762951334379906,1038
"232","Christian Laettner",16.82,0.121,0.0706764705882353,742
"233","Peja Stojakovic",16.81,0.146,0.078204845814978,710
"234","Dikembe Mutombo",16.81,0.153,0.0862470495672699,889
"235","Ruben Patterson",16.79,0.101,0.04575,605
"236","Freeman Williams",16.75,0.066,-0.020443864229765,164
"237","Eric Murdock",16.72,0.1,0.0478657487091222,309
"238","Rudy Gay",16.71,0.085,0.0591858037578288,820
"239","Donovan Mitchell",16.7,0.095,0.0717721518987342,79
"240","Jeff Teague",16.69,0.12,0.0407014925373134,529
"241","Connie Hawkins",16.68,0.131,0.0355017301038062,527
"242","Ed Davis",16.68,0.15,0.040921875,372
"243","Keith Van Horn",16.68,0.112,0.0422708039492243,569
"244","Ray Williams",16.65,0.095,0.0684615384615385,553
"245","Andre Miller",16.63,0.117,0.0577336747759283,1183
"246","Terrence Jones",16.63,0.12,0.0302097902097902,76
"247","Lenny Wilkens",16.62,0.121,0.00927576601671309,992
"248","Mickey Johnson",16.62,0.111,0.0635132382892057,866
"249","Julius Randle",16.62,0.084,0.0192857142857143,237
"250","Victor Oladipo",16.61,0.086,0.0686065573770492,366
"251","Gus Johnson",16.61,0.085,0,480
"252","James Silas",16.6,0.122,0.00983193277310924,231
"253","Zelmo Beaty",16.59,0.152,-0.000473684210526316,501
"254","Antonio McDyess",16.59,0.118,0.0418921475875118,890
"255","Ryan Anderson",16.59,0.138,0.04991961414791,407
"256","Kevin Martin",16.58,0.132,0.0367730061349693,535
"257","Josh Smith",16.56,0.08,0.0824127906976744,836
"258","Alvin Robertson",16.56,0.1,0.125129716981132,779
"259","Detlef Schrempf",16.54,0.154,0.0811120331950207,1046
"260","Bob Dandridge",16.54,0.13,0.0572824791418355,760
"261","Happy Hairston",16.51,0.14,0.0132065217391304,790
"262","Micheal Williams",16.51,0.131,0.0581632653061224,299
"263","Mike Mitchell",16.51,0.098,0.00224199288256228,776
"264","Purvis Short",16.51,0.1,0.0368764845605701,743
"265","Mookie Blaylock",16.5,0.111,0.118751406074241,804
"266","Billy Knight",16.49,0.118,0.0356479217603912,603
"267","John Brisker",16.48,0.082,0.00214285714285714,70
"268","Rolando Blackman",16.47,0.113,0.0421530612244898,865
"269","Rudy Tomjanovich",16.46,0.132,0.045,616
"270","Swen Nater",16.46,0.128,0.0541104294478528,392
"271","Jrue Holiday",16.44,0.084,0.0692307692307692,511
"272","Willie Cauley-Stein",16.44,0.104,0.0315420560747664,73
"273","Chris Andersen",16.42,0.155,0.0377700831024931,76
"274","Andray Blatche",16.41,0.074,0.0253723404255319,453
"275","Bobby Jones",16.4,0.168,0.0938486842105263,774
"276","Danny Manning",16.4,0.105,0.0664353312302839,608
"277","Klay Thompson",16.4,0.113,0.0527932960893855,537
"278","Goran Dragic",16.39,0.114,0.0589655172413793,569
"279","Gail Goodrich",16.37,0.11,0.0144034917555771,939
"280","Thaddeus Young",16.37,0.097,0.0518303571428571,868
"281","Reggie Theus",16.36,0.091,0.0462005519779209,965
"282","Paul Arizin",16.35,0.145,0,229
"283","Jabari Parker",16.35,0.086,0.0132786885245902,127
"284","Anfernee Hardaway",16.33,0.119,0.0945,624
"285","Archie Clark",16.33,0.135,0.00807980049875312,762
"286","Larry Kenon",16.33,0.11,0.0578221415607986,395
"287","Tobias Harris",16.33,0.114,0.0448,464
"288","Bobby Portis",16.32,0.095,0.00407035175879397,73
"289","Campy Russell",16.31,0.102,0.0534275618374558,454
"290","Armen Gilliam",16.3,0.103,0.019,955
"291","Jamaal Wilkes",16.29,0.126,0.0525,722
"292","Steve Mix",16.29,0.147,0.0552781065088757,447
"293","Michael Adams",16.28,0.11,0.0744257274119449,522
"294","Drazen Petrovic",16.27,0.133,0.0446153846153846,152
"295","Sarunas Marciulionis",16.26,0.119,0.0275206611570248,147
"296","Micheal Ray Richardson",16.25,0.086,0.120629032258065,436
"297","Bradley Beal",16.25,0.101,0.0585221674876847,406
"298","C.J. McCollum",16.24,0.107,0.0443401759530792,241
"299","Bison Dele",16.23,0.108,0.0294188861985472,223
"300","Maurice Cheeks",16.2,0.142,0.0810913705583756,1060
"301","Donyell Marshall",16.2,0.11,0.0541424802110818,720
"302","Danilo Gallinari",16.2,0.135,0.0621546961325967,378
"303","Eddie Jones",16.17,0.145,0.123876404494382,907
"304","Tom Boerwinkle",16.17,0.127,0.0314645669291339,397
"305","Elmore Smith",16.17,0.093,0.0294778481012658,468
"306","Darren Collison",16.17,0.111,0.0401582278481013,632
"307","Richard Hamilton",16.16,0.102,0.0307817589576547,717
"308","Neal Walk",16.16,0.101,0.017007874015748,326
"309","Lamar Odom",16.15,0.115,0.101987513007284,882
"310","Kelly Olynyk",16.12,0.129,0.0511016949152542,151
"311","Terry Furlow",16.12,0.074,0.00618320610687023,209
"312","Larry Johnson",16.09,0.13,0.107848101265823,707
"313","Dana Barros",16.08,0.122,0.0339882352941176,404
"314","Hersey Hawkins",16.08,0.136,0.0980569684638861,924
"315","Otis Birdsong",16.08,0.107,0.0481034482758621,639
"316","Orlando Woolridge",16.07,0.104,0.03,621
"317","Jason Richardson",16.07,0.1,0.0778691774033697,918
"318","Tyson Chandler",16.06,0.156,0.0683132530120482,784
"319","Randy Smith",16.06,0.091,0.0488352272727273,896
"320","Ty Lawson",16.06,0.118,0.0441977309562399,420
"321","Ricky Rubio",16.05,0.102,0.070953488372093,367
"322","Craig Smith",16.05,0.113,0.00602977667493797,159
"323","Tom Chambers",16.02,0.112,0.0324390243902439,1013
"324","Josh Howard",16.02,0.115,0.0493173431734317,400
"325","Danny Granger",16.02,0.124,0.0684688995215311,510
"326","Red Kerr",16,0.091,0,545
"327","Cedric Maxwell",15.99,0.157,0.0887227074235808,635
"328","Walter Berry",15.99,0.079,0.00881305637982196,192
"329","Kerry Kittles",15.98,0.128,0.09,496
"330","Luis Scola",15.97,0.115,0.0265275908479139,625
"331","Tom Owens",15.96,0.137,0.0486885245901639,393
"332","Rajon Rondo",15.92,0.105,0.0733175914994097,711
"333","T.J. Warren",15.92,0.088,0.0148623853211009,131
"334","Robin Lopez",15.9,0.12,0.0351156069364162,450
"335","Lewis Lloyd",15.9,0.1,0.0349877750611247,246
"336","Jared Sullinger",15.9,0.112,0.0411524163568773,213
"337","Jordan Hill",15.9,0.103,-0.00109090909090909,143
"338","Wes Unseld",15.89,0.148,0.0902743902439024,984
"339","Gorgui Dieng",15.89,0.112,0.0610372340425532,237
"340","Amir Johnson",15.88,0.146,0.0679120879120879,528
"341","Glenn Robinson",15.88,0.075,0.0298659217877095,637
"342","Bill Laimbeer",15.87,0.148,0.0837282229965157,1057
"343","Rashard Lewis",15.86,0.127,0.0854430379746835,886
"344","Doug Collins",15.85,0.131,0.0553012048192771,342
"345","Reggie Jackson",15.84,0.101,0.0370285714285714,236
"346","Don Nelson",15.83,0.165,0.00794871794871795,564
"347","Jeff Mullins",15.82,0.122,0.0026865671641791,621
"348","Raef LaFrentz",15.82,0.13,0.0665522620904836,519
"349","Jerry Stackhouse",15.81,0.084,0.0365490943755958,775
"350","John Lucas",15.81,0.101,0.0302586206896552,680
"351","Devin Harris",15.79,0.111,0.037506678539626,541
"352","Shawn Bradley",15.79,0.093,0.0367682926829268,605
"353","Maurice Lucas",15.78,0.11,0.0408823529411765,719
"354","Doc Rivers",15.77,0.137,0.0905825242718447,704
"355","Monta Ellis",15.77,0.069,0.04,759
"356","Drew Gooden",15.77,0.099,0.0018,580
"357","Andrew Bogut",15.77,0.12,0.0820110957004161,494
"358","Geoff Petrie",15.77,0.075,0.00242152466367713,446
"359","Terry Dischinger",15.76,0.152,0,514
"360","Kermit Washington",15.75,0.137,0.0627127659574468,292
"361","Kelly Tripucka",15.74,0.102,0.0431541725601132,581
"362","Danny Fortson",15.74,0.122,-0.0122727272727273,157
"363","Jahlil Okafor",15.74,0.05,-0.0271698113207547,53
"364","Nate Thurmond",15.73,0.103,0.0173608445297505,837
"365","Nick Van Exel",15.73,0.092,0.0371533613445378,821
"366","Horace Grant",15.72,0.147,0.102901287553648,1105
"367","Bob Boozer",15.72,0.115,0,923
"368","Mark Jackson",15.72,0.111,0.0535934291581109,1229
"369","Johnny Moore",15.72,0.107,0.0555428571428572,379
"370","Wally Szczerbiak",15.71,0.126,0.0497368421052632,631
"371","Mike Gminski",15.7,0.106,0.021781914893617,743
"372","Andrew Toney",15.7,0.102,0.0144230769230769,381
"373","Cazzie Russell",15.68,0.111,0.000660954712362301,684
"374","Michael Beasley",15.68,0.054,-0.0189879931389365,381
"375","Dell Curry",15.67,0.084,0.0254293628808864,601
"376","Eddie Johnson",15.65,0.097,0.0231280076997113,1580
"377","Charlie Villanueva",15.65,0.08,0.00288109756097561,389
"378","Kenny Anderson",15.64,0.113,0.0519230769230769,579
"379","Glen Rice",15.64,0.121,0.0579330708661417,935
"380","Sidney Wicks",15.63,0.079,0.0461842105263158,711
"381","Jose Calderon",15.61,0.122,0.03121875,642
"382","John Shumate",15.61,0.13,0.0509252669039146,291
"383","Jerome Williams",15.6,0.141,0.0408403361344538,289
"384","Wayman Tisdale",15.6,0.094,0.00264417845484222,626
"385","Lauri Markkanen",15.6,0.078,0.00397058823529412,68
"386","J.J. Hickson",15.59,0.086,-0.0043338683788122,310
"387","Bonzi Wells",15.58,0.086,0.03375,421
"388","Hal Greer",15.57,0.124,0,1016
"389","Steven Adams",15.56,0.145,0.0606976744186047,306
"390","Xavier McDaniel",15.56,0.091,0.0414511041009464,786
"391","Joe Barry Carroll",15.56,0.068,0.0198251748251748,757
"392","Antoine Walker",15.56,0.054,0.064298969072165,900
"393","Keith Jennings",15.55,0.125,0.0148170731707317,80
"394","Elfrid Payton",15.54,0.065,0.0364462809917355,300
"395","Otis Thorpe",15.53,0.125,0.0649464668094218,1204
"396","DeJuan Blair",15.53,0.129,0.0267452830188679,81
"397","Jeremy Lin",15.52,0.095,0.036576354679803,305
"398","Steve Smith",15.51,0.139,0.0672481343283582,810
"399","Kenny Sears",15.51,0.168,0,64
"400","John Block",15.5,0.111,0.0037292817679558,494
"401","Ray Scott",15.49,0.067,0,611
"402","Gary Trent",15.49,0.113,0.00867857142857143,82
"403","Andre Iguodala",15.47,0.125,0.114230769230769,1040
"404","Lloyd Neal",15.47,0.099,0.00993103448275862,312
"405","Nick Anderson",15.46,0.107,0.0793125,764
"406","Junior Bridgeman",15.46,0.102,0.0178091872791519,716
"407","Derek Harper",15.43,0.109,0.0644964871194379,1154
"408","Shabazz Muhammad",15.42,0.084,-0.024392523364486,160
"409","Gerald Wallace",15.41,0.115,0.0893444328824142,694
"410","Jason Terry",15.41,0.116,0.0651063829787234,1178
"411","Bob Kauffman",15.41,0.111,0.00102857142857143,314
"412","Earl Boykins",15.41,0.097,-0.00317232375979112,290
"413","Ron Harper",15.4,0.103,0.0889655172413793,853
"414","Rudy LaRusso",15.4,0.12,0,691
"415","Dave DeBusschere",15.4,0.093,0.00709779179810726,907
"416","Jakob Poeltl",15.4,0.161,0.0436764705882353,82
"417","Byron Scott",15.39,0.12,0.0473066169617894,927
"418","Samuel Dalembert",15.38,0.114,0.021941309255079,708
"419","Dale Ellis",15.36,0.115,0.0433410138248848,857
"420","Jeremy Lamb",15.36,0.111,0.016685393258427,158
"421","Eddy Curry",15.36,0.08,-0.0251043643263757,429
"422","Willie Naulls",15.35,0.084,0,289
"423","Otis Smith",15.35,0.082,0.032013422818792,292
"424","Jordan Clarkson",15.35,0.056,0.00494764397905759,242
"425","Stromile Swift",15.34,0.092,-0.00217041800643087,145
"426","Brent Barry",15.32,0.14,0.0784948453608248,655
"427","Hot Rod Williams",15.31,0.129,0.0760992108229989,748
"428","Darryl Dawkins",15.31,0.128,0.0379918032786885,466
"429","Mike Bibby",15.3,0.101,0.053569530558016,1018
"430","Sam Perkins",15.3,0.138,0.0660659340659341,1223
"431","Jayson Tatum",15.3,0.14,0.06075,80
"432","Brandon Bass",15.3,0.125,0.013179419525066,540
"433","Luol Deng",15.29,0.114,0.0669989395546129,823
"434","Greg Ballard",15.29,0.117,0.0649750623441397,724
"435","Sonny Parker",15.29,0.118,0.0692920353982301,243
"436","Jim Spanarkel",15.29,0.112,0.0354440154440155,164
"437","Jamal Mashburn",15.27,0.091,0.0555882352941177,550
"438","Lucius Allen",15.27,0.097,0.0333984375,666
"439","Rony Seikaly",15.26,0.083,0.00846049046321526,633
"440","Ersan Ilyasova",15.26,0.116,0.0319933554817276,499
"441","Kevin Porter",15.26,0.088,0.0131174089068826,562
"442","Roy Hibbert",15.26,0.105,0.0349859154929578,544
"443","Keon Clark",15.25,0.108,0.0279953917050691,323
"444","Khris Middleton",15.22,0.099,0.045,322
"445","Taj Gibson",15.21,0.121,0.0308053691275168,594
"446","Tom Burleson",15.2,0.117,0.0381390134529148,322
"447","Phil Smith",15.19,0.096,0.0327830832196453,506
"448","Tyler Zeller",15.19,0.114,0.00514830508474576,159
"449","Mitch Kupchak",15.19,0.131,0.0105882352941176,297
"450","Sly Williams",15.19,0.096,0.0389508196721311,127
"451","Norm Nixon",15.17,0.084,0.01828125,715
"452","Darrell Armstrong",15.17,0.116,0.0625827814569536,450
"453","Clarence Weatherspoon",15.17,0.102,0.0374282982791587,774
"454","Joe Dumars",15.16,0.118,0.0509233791748527,980
"455","Mike Glenn",15.16,0.126,0.0054637436762226,163
"456","Ramon Sessions",15.13,0.085,7.16272919113004e-19,532
"457","Aaron Gordon",15.13,0.091,0.0349049429657795,216
"458","Len Chappell",15.13,0.086,0,237
"459","Buck Williams",15.12,0.136,0.0716832440703902,1192
"460","Elden Campbell",15.12,0.116,0.0263414634146341,782
"461","Nicolas Batum",15.12,0.111,0.0979335260115607,576
"462","Chris Wilcox",15.12,0.103,0.00352020860495437,221
"463","Spud Webb",15.12,0.095,0.0160606060606061,458
"464","Trevor Ruffin",15.11,0.033,-0.00981818181818182,61
"465","Tristan Thompson",15.1,0.124,0.0254913294797688,406
"466","Mychal Thompson",15.1,0.1,0.0469911504424779,863
"467","Truck Robinson",15.09,0.103,0.0282352941176471,737
"468","Charlie Hardnett",15.09,0.058,0,78
"469","Michael Finley",15.08,0.104,0.0655275974025974,1113
"470","Kevin Willis",15.07,0.098,-0.00147810218978102,1242
"471","Latrell Sprewell",15.07,0.077,0.0647645125958379,862
"472","Brian Winters",15.07,0.093,0.0290769230769231,593
"473","Steve Stipanovich",15.06,0.116,0.0663275434243176,403
"474","Mel Counts",15.06,0.095,0.00266739846322722,320
"475","Mike Newlin",15.04,0.099,0.03,710
"476","Rondae Hollis-Jefferson",15.03,0.088,0.0262285714285714,146
"477","Hakim Warrick",15.02,0.092,-0.0167142857142857,315
"478","Mahmoud Abdul-Rauf",15.01,0.077,-0.00368600682593857,514
"479","Cody Zeller",15.01,0.138,0.0398076923076923,135
"480","Jim Paxson",15,0.119,0.028335343787696,538
"481","Jamal Crawford",15,0.076,0.0211605124340618,1232
"482","Gene Banks",14.99,0.114,0.0761538461538462,468
"483","Trevor Booker",14.99,0.116,0.02835,301
"484","Nate Williams",14.98,0.079,0.00945,488
"485","T.J. Ford",14.98,0.068,0.0232867132867133,221
"486","Vinnie Johnson",14.97,0.1,0.0405765595463138,812
"487","Jalen Rose",14.97,0.077,0.0316258741258741,882
"488","Andrew Wiggins",14.97,0.051,-0.0107339449541284,327
"489","Jerry Reynolds",14.97,0.06,0.0207223476297968,147
"490","Matt Harpring",14.95,0.115,0.0341052631578947,441
"491","Matt Geiger",14.94,0.112,0.00831521739130435,279
"492","Kosta Koufos",14.93,0.119,0.0112824207492795,81
"493","Bobby Jackson",14.93,0.091,0.0280773881499395,358
"494","Vin Baker",14.89,0.087,0.0325114678899083,616
"495","Josh Childress",14.89,0.119,0.060076726342711,285
"496","Clem Haskins",14.88,0.098,0.00158590308370044,480
"497","Anderson Varejao",14.87,0.147,0.0528088235294118,303
"498","Dave Twardzik",14.87,0.151,0.0578571428571429,280
"499","Brandon Jennings",14.86,0.081,0.0386842105263158,452
"500","John Williamson",14.86,0.067,-0.0131440162271805,221
"501","Marcus Thornton",14.86,0.082,0.0164857530529172,341
"502","Dale Davis",14.85,0.14,0.0691948051948052,845
"503","Michael Brooks",14.85,0.085,0.0600940438871473,246
"504","Kenyon Martin",14.82,0.1,0.0552840158520476,604
"505","Tyrus Thomas",14.82,0.081,0.0136184210526316,79
"506","George Hill",14.8,0.138,0.0710914051841746,496
"507","Chris Morris",14.8,0.095,0.0603614457831325,460
"508","Vern Fleming",14.79,0.101,0.043538633818589,783
"509","Jay Vincent",14.77,0.08,0.00376160990712074,394
"510","Quintin Dailey",14.77,0.049,-0.0138068181818182,306
"511","Paul Pressey",14.76,0.12,0.0824171270718232,593
"512","Ralph Sampson",14.76,0.065,0.0364285714285714,291
"513","Chris Kaman",14.76,0.06,-0.00073469387755102,430
"514","Butch Beard",14.75,0.11,0.0416911764705882,383
"515","Sherman Douglas",14.75,0.073,0.00761851015801354,683
"516","Steve Johnson",14.75,0.091,0.0173360655737705,381
"517","Larry Costello",14.74,0.151,0,351
"518","Ed Pinckney",14.74,0.13,0.0382048574445618,471
"519","Eric Gordon",14.74,0.08,0.0298395721925134,465
"520","Derek Anderson",14.73,0.114,0.0545744680851064,409
"521","Brian Taylor",14.73,0.116,0.0679090909090909,230
"522","Damon Stoudamire",14.71,0.087,0.043617443012884,781
"523","Oliver Miller",14.71,0.088,0.0555595667870036,273
"524","Don Kojis",14.7,0.089,0.000995085995085995,513
"525","Jeff Malone",14.7,0.085,-0.00585798816568047,904
"526","Mike Sweetney",14.7,0.102,-0.0011587982832618,77
"527","Dennis Rodman",14.69,0.149,0.10847420417124,799
"528","Bob Rule",14.69,0.083,-0.00101694915254237,380
"529","Kelvin Ransey",14.69,0.074,-0.00740506329113924,474
"530","Edgar Jones",14.69,0.099,0.0161776859504132,158
"531","Rodney Stuckey",14.68,0.077,0.0116129032258065,497
"532","Ben Wallace",14.67,0.136,0.115448275862069,819
"533","Scott Brooks",14.67,0.12,0.00548037889039242,82
"534","Malcolm Brogdon",14.67,0.095,0.0219512195121951,75
"535","Dennis Schroder",14.67,0.059,0.00460227272727273,303
"536","Dennis Johnson",14.66,0.11,0.0579272727272727,1100
"537","J.J. Redick",14.66,0.127,0.0347971360381862,635
"538","Jim Fox",14.66,0.106,0.00819895287958115,669
"539","Ricky Davis",14.66,0.065,0.0275139977603583,662
"540","Draymond Green",14.65,0.145,0.112162740899358,388
"541","Jack Marin",14.65,0.112,-0.00511976047904192,788
"542","Joe Smith",14.64,0.103,0.0104003021148036,801
"543","Patty Mills",14.64,0.121,0.0335564053537285,324
"544","Allan Houston",14.63,0.094,0.0318593563766389,819
"545","Mo Williams",14.62,0.075,0.0260275423728814,622
"546","Chandler Parsons",14.62,0.11,0.081,340
"547","Danny Ainge",14.61,0.125,0.0619910313901345,844
"548","Wayne Embry",14.61,0.085,0,615
"549","Muggsy Bogues",14.6,0.099,0.0125052631578947,903
"550","Bill Robinzine",14.6,0.091,0.0146787479406919,468
"551","MarShon Brooks",14.6,0.05,-0.00262135922330097,56
"552","Leandro Barbosa",14.59,0.095,0.0218599562363239,289
"553","Joe Caldwell",14.59,0.083,0,468
"554","Nazr Mohammed",14.59,0.105,-0.00313725490196078,375
"555","Bill Cartwright",14.58,0.127,0.03,763
"556","Sleepy Floyd",14.58,0.091,0.0272432432432432,787
"557","Jerome Kersey",14.58,0.119,0.0620555073720728,680
"558","Kris Humphries",14.58,0.1,-0.00292841648590022,136
"559","Speedy Claxton",14.57,0.083,0.0231818181818182,306
"560","Kenny Smith",14.56,0.095,0.010625,735
"561","Mike Woodson",14.56,0.086,0.0210746606334842,705
"562","John Mengelt",14.56,0.106,-0.00113286713286713,392
"563","Howard Porter",14.55,0.104,-0.0191522491349481,78
"564","Brian Grant",14.54,0.122,0.0375,579
"565","Nate Robinson",14.54,0.091,0.0285677419354839,300
"566","Tyler Hansbrough",14.54,0.134,-0.0069392523364486,70
"567","Johnny Dawkins",14.52,0.07,0.00299445471349353,383
"568","Isaiah Rider",14.52,0.062,0.0172646536412078,439
"569","Devin Booker",14.52,0.045,0.00519230769230769,208
"570","Zaid Abdul-Aziz",14.51,0.069,0.009,217
"571","Benoit Benjamin",14.5,0.07,0.00927379784102061,721
"572","Corliss Williamson",14.49,0.09,-0.00757009345794393,614
"573","Brandon Knight",14.49,0.056,0.0236629213483146,380
"574","Allan Bristow",14.49,0.082,0.025,328
"575","Rod Thorn",14.48,0.077,0,288
"576","Roy Hinson",14.47,0.092,0.0231164383561644,521
"577","Larry Sanders",14.47,0.107,0.0340336134453782,71
"578","Otto Porter",14.46,0.137,0.0763556851311953,232
"579","Joe Johnson",14.46,0.086,0.0484150436534587,1278
"580","Lee Shaffer",14.46,0.072,0,155
"581","Bob Gross",14.45,0.117,0.0736842105263158,298
"582","Dick Barnett",14.44,0.114,-0.000278063851699279,858
"583","Kenny Carr",14.44,0.092,0.0146916565900846,527
"584","Will Bynum",14.44,0.05,-0.012,63
"585","Pooh Richardson",14.43,0.066,0.0232394366197183,463
"586","Fred Hetzel",14.43,0.088,0,291
"587","Dewayne Dedmon",14.43,0.131,0.0102208201892744,62
"588","Cuttino Mobley",14.42,0.091,0.0547970479704797,730
"589","Brendan Haywood",14.42,0.115,0.0296304591265398,511
"590","Loy Vaught",14.42,0.1,0.00656756756756757,475
"591","Darius Miles",14.42,0.046,0.0164571428571429,372
"592","Rickey Green",14.41,0.096,0.0147175421209118,557
"593","Toby Knight",14.41,0.103,0.0267137809187279,163
"594","Metta World Peace",14.4,0.092,0.0825680580762251,935
"595","D'Angelo Russell",14.4,0.015,0.0183769633507853,143
"596","Ben Gordon",14.39,0.079,0.0170564516129032,617
"597","Nate McMillan",14.38,0.118,0.0871733668341709,608
"598","Terry Tyler",14.38,0.09,0.0347187141216992,727
"599","Bob Sura",14.38,0.091,0.039932157394844,427
"600","Robert Pack",14.38,0.055,-0.0049009900990099,131
"601","Tom Gugliotta",14.37,0.076,0.0604777070063694,533
"602","Antonio Daniels",14.36,0.113,0.00941860465116279,612
"603","Rich Kelley",14.33,0.113,0.0627385892116183,555
"604","Troy Murphy",14.33,0.119,0.0324519230769231,511
"605","Zaza Pachulia",14.33,0.113,0.0241165048543689,357
"606","Sam Bowie",14.33,0.091,0.0380430528375734,356
"607","Scott May",14.33,0.103,0.0152112676056338,127
"608","Kendall Gill",14.32,0.079,0.0490424481737414,800
"609","Jon Barry",14.32,0.129,0.0333707865168539,151
"610","Sedale Threatt",14.32,0.103,0.0170917431192661,477
"611","Seth Curry",14.31,0.105,0.0405,70
"612","Don Collins",14.31,0.078,0.03234375,225
"613","Frank Ramsey",14.3,0.143,0,308
"614","Timofey Mozgov",14.3,0.108,0.00698275862068965,163
"615","Larry Hughes",14.29,0.063,0.0281883316274309,532
"616","James Johnson",14.29,0.089,0.0456923076923077,211
"617","Tyus Edney",14.29,0.068,-0.00955752212389381,80
"618","Phil Chenier",14.28,0.095,0.0373913043478261,463
"619","Caron Butler",14.28,0.083,0.04513353115727,826
"620","Etan Thomas",14.28,0.1,-0.00726161369193154,79
"621","B.J. Armstrong",14.27,0.121,0.00543195266272189,492
"622","Dario Saric",14.27,0.082,0.0322641509433962,159
"623","LaPhonso Ellis",14.26,0.089,0.0307211538461538,440
"624","Jon Leuer",14.25,0.104,0.00741758241758242,75
"625","Rodney Rogers",14.23,0.085,0.0412687312687313,545
"626","Jimmy Walker",14.21,0.086,0.00314359637774903,770
"627","Allen Leavell",14.21,0.088,0.0135,476
"628","Kyle Kuzma",14.2,0.076,0.014025974025974,77
"629","Andris Biedrins",14.19,0.133,0.045,220
"630","JaMychal Green",14.19,0.105,0.0167441860465116,132
"631","Johnny Davis",14.19,0.087,0.00297794117647059,552
"632","Thurl Bailey",14.18,0.085,0.00827075098814229,807
"633","Greg Anthony",14.18,0.102,0.0254467564259486,508
"634","Walt Williams",14.16,0.088,0.0485357142857143,430
"635","Ken Norman",14.16,0.068,0.026749226006192,529
"636","Walt Hazzard",14.15,0.075,-0.000693196405648267,554
"637","Anthony Mason",14.14,0.139,0.0970408163265306,858
"638","Dick Van Arsdale",14.14,0.113,0.00293159609120521,921
"639","Jeff Foster",14.13,0.145,0.0459424083769634,514
"640","Alan Henderson",14.13,0.098,0.00414110429447853,224
"641","Fred VanVleet",14.13,0.13,0.0334513274336283,76
"642","Bill Bridges",14.12,0.095,-0.000241502683363149,1003
"643","Wilbur Holland",14.12,0.082,0.036195652173913,243
"644","Mike Bantom",14.12,0.086,0.0325266524520256,772
"645","Josh Boone",14.12,0.096,0.0010546875,70
"646","J.J. Barea",14.12,0.07,0.00600785340314136,455
"647","Norm Van Lier",14.11,0.093,0.0409090909090909,777
"648","Brevin Knight",14.1,0.083,0.016109785202864,354
"649","Dave Stallworth",14.1,0.088,0,379
"650","Pervis Ellison",14.09,0.091,0.0438607594936709,191
"651","Jim Barnett",14.09,0.09,-0.00167701863354037,550
"652","Darrell Griffith",14.09,0.049,0.0127058823529412,556
"653","Brad Davis",14.07,0.115,0.012882703777336,544
"654","Dave Gambee",14.07,0.116,0,319
"655","Ron Anderson",14.06,0.078,0.00673228346456693,401
"656","Rodney McCray",14.05,0.108,0.080859375,704
"657","J.R. Smith",14.05,0.086,0.0422038834951456,692
"658","Tony Allen",14.05,0.103,0.045109756097561,335
"659","Dave Meyers",14.05,0.087,0.0297864768683274,231
"660","Reggie Slater",14.05,0.069,-0.0203956834532374,78
"661","Spencer Hawes",14.04,0.074,0.0221149144254279,445
"662","Alex Len",14.03,0.089,0.00322388059701493,224
"663","Bob Love",14.02,0.093,-0.00812709030100335,543
"664","A.C. Green",14.02,0.128,0.0456282145481264,1202
"665","Terry Mills",14.02,0.097,0.0198908594815825,558
"666","Austin Carr",14.02,0.077,0.0122222222222222,529
"667","Al Harrington",14.02,0.074,0.0164575971731449,890
"668","Lonnie Shelton",14.01,0.097,0.0585735512630015,558
"669","Jarrett Jack",14,0.073,0.0142105263157895,833
"670","Tim Thomas",14,0.081,0.0172507260406583,663
"671","Austin Croshere",14,0.115,0.0172511144130758,235
"672","Slick Watts",14,0.054,0.0584645669291339,314
"673","Andrea Bargnani",14,0.057,-0.00441818181818182,367
"674","Dorell Wright",13.99,0.102,0.0363934426229508,222
"675","Jamal Murray",13.99,0.075,0.0149079754601227,163
"676","Tyler Johnson",13.98,0.108,0.0430985915492958,145
"677","Michael Smith",13.98,0.1,0.0372413793103448,242
"678","Avery Johnson",13.97,0.099,-0.00664813343923749,604
"679","Rudy Fernandez",13.97,0.113,0.0607228915662651,156
"680","Kevin Kunnert",13.96,0.086,0.0239903069466882,397
"681","Walter Dukes",13.96,0.078,0,216
"682","P.J. Brown",13.95,0.127,0.0709090909090909,999
"683","James Edwards",13.95,0.097,-0.0025980754996299,828
"684","Eddie Griffin",13.95,0.077,0.0142574257425743,150
"685","Doug Christie",13.94,0.097,0.0757387580299786,723
"686","Kelenna Azubuike",13.94,0.089,0.0116826923076923,155
"687","Mike McGee",13.94,0.076,0.0128345070422535,80
"688","Kyle Macy",13.93,0.121,0.0392014519056261,393
"689","Jayson Williams",13.93,0.098,0.000568421052631579,145
"690","Bobby Phills",13.93,0.097,0.0497216274089936,398
"691","Don MacLean",13.93,0.067,-0.0245454545454545,75
"692","Markieff Morris",13.92,0.071,0.0203076923076923,458
"693","Melvin Turpin",13.92,0.096,0.0074792243767313,159
"694","Kelvin Cato",13.92,0.127,0.0194894366197183,271
"695","Charles Dudley",13.91,0.105,0.0314127423822715,157
"696","Eric Money",13.9,0.06,0.00581687612208259,360
"697","Clifford Robinson",13.89,0.099,0.0539627842866988,1330
"698","Jason Williams",13.89,0.079,0.0255092024539877,761
"699","Terry Catledge",13.89,0.074,-0.00576699029126214,379
"700","Erick Dampier",13.88,0.105,0.0358358662613982,680
"701","John Williams",13.87,0.087,0.0577241379310345,316
"702","Charlie Scott",13.87,0.065,0.0185915492957747,554
"703","Theo Ratliff",13.86,0.111,0.0528707224334601,579
"704","Antoine Carr",13.86,0.102,0.0192857142857143,464
"705","Derek Smith",13.85,0.083,0.016553911205074,132
"706","Raymond Felton",13.85,0.069,0.0309180651530109,881
"707","Todd Day",13.84,0.066,0.0134519572953737,460
"708","Dave Sorenson",13.84,0.063,0,79
"709","Clifford Ray",13.83,0.136,0.0530357142857143,718
"710","Scott Skiles",13.83,0.087,0.01485,456
"711","Kent Benson",13.83,0.1,0.0448207171314741,371
"712","Bingo Smith",13.83,0.069,0.00229056203605514,787
"713","Jameer Nelson",13.82,0.089,0.0340565085771947,684
"714","Jim Davis",13.82,0.087,0.00441964285714286,164
"715","Lionel Simmons",13.82,0.06,0.0428193832599119,301
"716","John Tresvant",13.82,0.092,0,411
"717","Paul Neumann",13.81,0.128,0,374
"718","John Johnson",13.81,0.068,0.0184931506849315,931
"719","Lester Conner",13.81,0.092,0.0379632063074901,325
"720","Will Barton",13.81,0.079,0.0226490066225166,223
"721","Ron Behagen",13.8,0.068,0.00335403726708075,307
"722","Stephen Jackson",13.78,0.064,0.0430065975494816,796
"723","Hedo Turkoglu",13.77,0.115,0.061113172541744,801
"724","David Wesley",13.77,0.097,0.0469679300291545,857
"725","Dennis Hopson",13.77,0.05,-0.000666666666666666,141
"726","Dick Snyder",13.76,0.11,0.0103250478011472,871
"727","Tony Delk",13.76,0.075,0.00913963328631876,300
"728","Mike Green",13.76,0.097,0.026403785488959,152
"729","Alexander Volkov",13.76,0.086,0.0271812080536913,77
"730","Jo Jo White",13.75,0.082,0.0177437020810515,764
"731","Ricky Sobers",13.75,0.067,0.0164433617539586,631
"732","Lee Nailon",13.75,0.064,-0.0156198347107438,147
"733","D.J. Augustin",13.74,0.102,0.00746014877789586,521
"734","Lamond Murray",13.74,0.051,0.00513586956521739,460
"735","Phil Hubbard",13.73,0.086,0.0187700534759358,547
"736","Sam Vincent",13.73,0.075,-0.00403846153846154,205
"737","Billy Owens",13.72,0.076,0.0466160220994475,435
"738","Voshon Lenard",13.71,0.09,0.029238578680203,441
"739","Rex Chapman",13.7,0.059,0.00667151162790698,448
"740","Jordan Crawford",13.7,0.044,-0.00284810126582278,215
"741","Ledell Eackles",13.7,0.058,-0.0208163265306122,145
"742","Juwan Howard",13.69,0.078,0.0229461756373938,1095
"743","Greg Kelser",13.69,0.067,0.0118356164383562,160
"744","Wesley Person",13.68,0.1,0.0441346153846154,545
"745","Sean Elliott",13.68,0.109,0.0582210242587601,596
"746","Marvin Williams",13.67,0.105,0.0336421725239617,882
"747","Herm Gilliam",13.67,0.066,0.0107439446366782,461
"748","Glen Gondrezick",13.67,0.101,0.0378620689655172,155
"749","Aaron James",13.66,0.083,-0.0128932584269663,156
"750","Art Williams",13.66,0.091,0.00199630314232902,238
"751","Willie Norwood",13.66,0.11,0.00812903225806452,76
"752","Alexey Shved",13.66,0.063,0.00723214285714286,77
"753","Mike Dunleavy",13.64,0.099,0.0296759847522236,876
"754","Michael Kidd-Gilchrist",13.64,0.094,0.0166386554621849,350
"755","Jim McMillian",13.63,0.109,0.0299524564183835,608
"756","Gary Brokaw",13.63,0.053,-0.00841121495327103,73
"757","Scott Wedman",13.62,0.097,0.036605504587156,675
"758","Al Wood",13.62,0.071,0.000580645161290322,315
"759","Paul Graham",13.62,0.082,0.0211173184357542,158
"760","Beno Udrih",13.61,0.08,0.00274949083503055,296
"761","Dan Majerle",13.6,0.125,0.100649214659686,747
"762","Mike Sojourner",13.59,0.093,-0.00424083769633508,140
"763","T.J. McConnell",13.59,0.084,0.00567226890756303,238
"764","Victor Alexander",13.59,0.073,-0.0084965034965035,72
"765","Foots Walker",13.58,0.099,0.0430851063829787,289
"766","Dan Gadzuric",13.58,0.094,0.00521968365553603,81
"767","Derek Strong",13.58,0.104,-0.0118421052631579,140
"768","Darnell Valentine",13.57,0.071,0.00831378299120235,352
"769","Mike Miller",13.56,0.103,0.0516864175022789,823
"770","Kenny Thomas",13.56,0.09,0.0290661478599222,513
"771","Trey Burke",13.56,0.054,-0.00267326732673267,146
"772","John Wallace",13.56,0.05,-0.0276377952755906,82
"773","Wesley Matthews",13.55,0.101,0.0700763358778626,655
"774","Rodney Hood",13.55,0.092,0.0192857142857143,198
"775","Billy McKinney",13.55,0.081,-0.00723214285714286,233
"776","Charles Smith",13.54,0.103,0.0270594713656388,453
"777","Trevor Ariza",13.54,0.098,0.0684139264990329,616
"778","Antonio Davis",13.54,0.103,0.0223466407010711,831
"779","Steve Hawes",13.54,0.107,0.0393548387096774,312
"780","Eric Piatkowski",13.54,0.102,0.0191634980988593,294
"781","Harold Pressley",13.54,0.071,0.0424414715719064,232
"782","Terry Teagle",13.54,0.046,-0.0221186440677966,467
"783","Bo Outlaw",13.53,0.115,0.0815145436308927,725
"784","Bryant Reeves",13.53,0.052,-0.0123037974683544,370
"785","Earl Tatum",13.53,0.069,0.0153191489361702,139
"786","Paul Thompson",13.53,0.071,0.0212807881773399,82
"787","Travis Best",13.52,0.097,0.014156010230179,463
"788","Delonte West",13.52,0.092,0.0432657200811359,265
"789","Robert Covington",13.52,0.086,0.0621649484536082,284
"790","John Starks",13.5,0.098,0.0472425249169435,666
"791","Cliff Levingston",13.5,0.125,0.0471686746987952,554
"792","Bogdan Bogdanovic",13.5,0.064,0.0207692307692308,78
"793","Kurt Thomas",13.49,0.114,0.0327203389830509,624
"794","Darwin Cook",13.49,0.075,0.0242920353982301,406
"795","Bob Ferry",13.49,0.075,0,312
"796","Jason Thompson",13.48,0.08,0.00680314960629921,541
"797","Charlie Ward",13.47,0.112,0.0546932952924394,283
"798","Jim Chones",13.47,0.094,0.0281701444622793,564
"799","Wilson Chandler",13.46,0.071,0.0269184290030211,555
"800","Alec Burks",13.46,0.073,-0.00295890410958904,78
"801","Dee Brown",13.45,0.09,0.0376662320730117,455
"802","Reggie Williams",13.45,0.076,0.0316631130063966,520
"803","Rick Fox",13.45,0.091,0.0510967741935484,642
"804","Paul Silas",13.44,0.11,0.0185167464114833,1129
"805","James Donaldson",13.44,0.111,0.0354098360655738,851
"806","Sam Lacey",13.44,0.076,0.075538752362949,886
"807","Tyrone Hill",13.43,0.115,0.0165921787709497,501
"808","John Battle",13.43,0.078,-0.0145588235294118,237
"809","Ronny Turiaf",13.43,0.116,0.035265306122449,79
"810","Richard Jefferson",13.42,0.115,0.044927652733119,924
"811","Derrick McKey",13.42,0.109,0.0789541088580576,678
"812","Caris LeVert",13.41,0.063,0.02109375,71
"813","Tony Campbell",13.4,0.065,0.00322709163346614,237
"814","Matt Bonner",13.39,0.139,0.0347727272727273,241
"815","Malik Sealy",13.39,0.07,0.0098580121703854,361
"816","Zach LaVine",13.39,0.038,-0.00117391304347826,206
"817","Marvin Barnes",13.39,0.057,0.0151948051948052,60
"818","Spencer Dinwiddie",13.38,0.098,0.0204324324324324,80
"819","Jahidi White",13.38,0.083,-0.0218181818181818,148
"820","Michael Cage",13.37,0.12,0.0523421052631579,959
"821","John Long",13.37,0.066,0.0014047866805411,588
"822","Gary Grant",13.37,0.046,0.00146739130434783,413
"823","Mitchell Wiggins",13.36,0.091,0.0180462724935733,230
"824","Stanley Roberts",13.36,0.066,-0.0162,77
"825","Fred Hoiberg",13.35,0.133,0.0354343807763401,153
"826","Dejounte Murray",13.34,0.074,0.0272268907563025,81
"827","Art Heyman",13.34,0.06,0,75
"828","Channing Frye",13.33,0.097,0.0276356192425793,516
"829","Chris Mihm",13.33,0.078,-0.0242578125,208
"830","Michael Carter-Williams",13.33,0.025,0.0244759206798867,190
"831","Evan Fournier",13.32,0.076,0.0186702127659574,338
"832","George Trapp",13.32,0.058,-0.0135356200527704,77
"833","Larry Siegfried",13.31,0.112,0,416
"834","Frank Kaminsky",13.3,0.08,0.0114893617021277,235
"835","Shellie McMillon",13.3,0.071,0,78
"836","Marvin Webster",13.29,0.104,0.0405699481865285,306
"837","Pascal Siakam",13.29,0.119,0.0377205882352941,81
"838","Nenad Krstic",13.28,0.101,-0.00991836734693878,302
"839","Marc Jackson",13.28,0.079,-0.0231428571428571,81
"840","Charles Shackleford",13.28,0.077,-0.0106930693069307,70
"841","Marcus Fizer",13.28,0.021,-0.0383044982698962,148
"842","Luke Ridnour",13.27,0.076,0.0148484848484849,592
"843","Tom Boswell",13.26,0.099,0.0254831460674157,219
"844","Rasho Nesterovic",13.25,0.107,0.0369543773119605,553
"845","Robert Horry",13.25,0.117,0.0774418604651163,683
"846","Patrick Patterson",13.24,0.106,0.0396258992805755,361
"847","Michael Dickerson",13.24,0.061,0.020377358490566,202
"848","Jim Price",13.24,0.074,0.0305801104972376,417
"849","Dick Garmaker",13.24,0.086,0,141
"850","Jay Humphries",13.23,0.092,0.0333638443935927,820
"851","Dave Corzine",13.23,0.087,0.0281818181818182,639
"852","Kevin Gamble",13.22,0.106,0.0287394957983193,321
"853","Craig Ehlo",13.22,0.094,0.0522680412371134,630
"854","Jeff Green",13.21,0.077,0.0154133858267717,885
"855","Ian Mahinmi",13.21,0.125,0.0187912087912088,71
"856","Don May",13.21,0.08,-0.0037070938215103,76
"857","Carl Braun",13.21,0.087,0,54
"858","Jon McGlocklin",13.2,0.108,-0.00511363636363636,627
"859","Dave Robisch",13.2,0.101,0.0134807417974322,319
"860","O.J. Mayo",13.2,0.062,0.0251736745886654,454
"861","Tracy Murray",13.19,0.092,0.00176701570680628,326
"862","Frank Brickowski",13.19,0.086,0.0232978723404255,411
"863","Shammond Williams",13.19,0.078,-0.00473684210526316,78
"864","Jonas Jerebko",13.18,0.11,0.0156828885400314,80
"865","Leon Wood",13.18,0.079,-0.0116497461928934,76
"866","Kevin Loughery",13.17,0.062,0,674
"867","Darrell Walker",13.17,0.069,0.0502906208718626,549
"868","Darius Songaila",13.16,0.083,0.00381818181818182,238
"869","Greivis Vasquez",13.16,0.069,0.0073125,305
"870","Danny Green",13.15,0.118,0.0855,512
"871","Charles Oakley",13.14,0.107,0.0743447737909516,1176
"872","Chuck Person",13.13,0.064,0.0369353128313892,795
"873","Travis Outlaw",13.13,0.06,-0.00370426829268293,312
"874","Vinny Del Negro",13.12,0.101,0.0125956937799043,589
"875","Gene Shue",13.11,0.078,0,311
"876","Harrison Barnes",13.11,0.089,0.0163282937365011,463
"877","Guy Rodgers",13.11,0.051,0,783
"878","Isaac Austin",13.11,0.057,-0.00105882352941176,160
"879","Scott Williams",13.11,0.104,0.00169597989949749,77
"880","Chris Mills",13.1,0.105,0.0413556338028169,399
"881","Tom Meschery",13.1,0.089,0,778
"882","Otto Moore",13.1,0.071,0.0124563591022444,562
"883","Jamaal Tinsley",13.1,0.057,0.0286288848263254,225
"884","Jerry Sloan",13.09,0.092,0.0182384105960265,674
"885","Scot Pollard",13.09,0.152,0.0298814229249012,157
"886","Ron Williams",13.09,0.098,-0.00418604651162791,242
"887","C.J. Miles",13.09,0.086,0.0161656050955414,296
"888","Harthorne Wingo",13.09,0.106,0.00382075471698113,82
"889","Willie Anderson",13.08,0.078,0.0338034865293185,500
"890","Fred Carter",13.08,0.038,0.00719041278295606,551
"891","Buddy Hield",13.08,0.045,0.00221311475409836,162
"892","Lee Winfield",13.06,0.079,-0.00200992555831266,160
"893","Connie Dierking",13.06,0.041,0,316
"894","Tayshaun Prince",13.05,0.093,0.03990492653414,840
"895","Kyle Anderson",13.05,0.132,0.0525291828793774,74
"896","Gar Heard",13.04,0.068,0.0254716981132075,601
"897","Roger Phegley",13.04,0.07,-0.00678916827852998,160
"898","Alvin Williams",13.03,0.08,0.0168093385214008,298
"899","Brian Roberts",13.03,0.072,-0.0125753424657534,72
"900","Dale Schlueter",13.02,0.104,0.00368600682593857,161
"901","Larry Wright",13.02,0.074,0.000787172011661808,73
"902","Elliot Perry",13.01,0.064,-0.0043484626647145,326
"903","Mario Chalmers",13.01,0.093,0.0412446958981612,519
"904","Mike Gale",13.01,0.079,0.0351509433962264,309
"905","Jordan Farmar",13.01,0.067,0.00910714285714286,155
"906","Willie Burton",13.01,0.065,-0.0119620253164557,197
"907","Pat Cummings",13,0.074,-0.00434846266471449,224
"908","Richard Washington",13,0.063,-0.00375870069605568,309
"909","Morris Peterson",12.99,0.088,0.0372151898734177,618
"910","Wayne Cooper",12.99,0.088,0.00384146341463415,622
"911","Marty Conlon",12.99,0.072,-0.00462102689486553,156
"912","Mario Elie",12.97,0.125,0.0494117647058824,607
"913","Don Ohl",12.97,0.066,0,661
"914","Mike James",12.96,0.07,0.0146958377801494,563
"915","Dave Greenwood",12.96,0.094,0.0409550561797753,611
"916","Olden Polynice",12.96,0.093,0.00739419087136929,630
"917","Mike Iuzzolino",12.96,0.058,-0.0132786885245902,70
"918","Scott Burrell",12.95,0.097,0.0368181818181818,65
"919","Louis Orr",12.95,0.092,0.0260984182776801,475
"920","Larry Drew",12.94,0.061,-0.0104959785522788,586
"921","Blair Rasmussen",12.94,0.08,-0.0152255639097744,311
"922","Will Perdue",12.94,0.103,0.00784090909090909,143
"923","Anthony Peeler",12.94,0.074,0.0221618497109827,616
"924","Mark Landsberger",12.94,0.084,-0.0178599221789883,157
"925","Gerald Glass",12.94,0.032,-0.00293478260869565,75
"926","Grant Long",12.93,0.103,0.0493173431734317,844
"927","Rod Higgins",12.93,0.104,0.0273671199011125,473
"928","Bismack Biyombo",12.93,0.091,8.39488109357396e-19,243
"929","Leroy Ellis",12.92,0.077,0.00455190771960958,864
"930","Nick Collison",12.92,0.115,0.0335274725274725,458
"931","Lorenzo Romar",12.92,0.08,-0.00807065217391304,82
"932","Mike Davis",12.92,0.053,0,73
"933","Gerald Henderson",12.91,0.074,0.0063022113022113,1122
"934","Darren Daye",12.91,0.08,0.00969230769230769,80
"935","Trent Tucker",12.9,0.105,0.0317857142857143,464
"936","Cory Joseph",12.9,0.095,0.0187668161434978,242
"937","Greg Ostertag",12.89,0.11,0.0353571428571429,317
"938","Ed Ratleff",12.89,0.078,0.0407396449704142,233
"939","James Bailey",12.89,0.068,-0.00433734939759036,226
"940","Dennis Scott",12.88,0.085,0.0264209115281501,499
"941","Albert King",12.88,0.061,0.00910112359550562,379
"942","Stu Lantz",12.87,0.097,-0.00607717041800643,371
"943","Jared Dudley",12.87,0.105,0.0488901869158879,535
"944","Gary Harris",12.87,0.089,0.0444705882352941,200
"945","Patrick Beverley",12.87,0.111,0.074205298013245,250
"946","Jerian Grant",12.87,0.08,-0.00126760563380282,74
"947","Popeye Jones",12.86,0.084,0.0141308411214953,387
"948","Greg Minor",12.86,0.077,-0.00194945848375451,78
"949","Sharone Wright",12.86,0.022,-0.0550384615384615,79
"950","Ronnie Brewer",12.85,0.118,0.0515683229813665,415
"951","C.J. Watson",12.85,0.095,0.018,222
"952","Wes Matthews",12.85,0.057,-0.00957446808510638,232
"953","Al Tucker",12.85,0.069,0,165
"954","Carlos Arroyo",12.84,0.084,-0.00892288861689107,143
"955","Nick Weatherspoon",12.84,0.075,-0.00786407766990291,195
"956","Derrick Williams",12.84,0.074,-0.0160251798561151,223
"957","Phil Ford",12.83,0.082,-0.00531305903398927,457
"958","Tom Henderson",12.83,0.063,0.012089552238806,579
"959","Steven Hunter",12.83,0.085,-0.008775,70
"960","Henry Bibby",12.82,0.074,0.00108,406
"961","DeMarre Carroll",12.81,0.106,0.0454302103250478,288
"962","Josh McRoberts",12.81,0.102,0.03618,150
"963","Chris Whitney",12.8,0.095,0.00471428571428571,223
"964","Dennis Smith",12.8,-0.016,-0.00391304347826087,69
"965","Mirza Teletovic",12.78,0.073,0.00333333333333333,79
"966","Michael Cooper",12.77,0.106,0.055979381443299,870
"967","Troy Hudson",12.77,0.045,-0.020889748549323,301
"968","Johnny Newman",12.76,0.086,0.0113225806451613,939
"969","Aaron Williams",12.76,0.111,0.00837708830548926,326
"970","Randy Breuer",12.76,0.077,0.00779527559055118,317
"971","Mark Alarie",12.76,0.072,-0.00166153846153846,82
"972","Kyle Korver",12.75,0.113,0.0494060995184591,913
"973","Rafer Alston",12.74,0.078,0.041175,506
"974","George Lynch",12.74,0.087,0.0401162790697674,306
"975","Desmond Mason",12.74,0.061,-0.00485477178423236,651
"976","Omri Casspi",12.74,0.075,0.00642857142857143,217
"977","Butch Lee",12.74,0.062,-0.0084375,82
"978","Eddie Miles",12.73,0.072,0,456
"979","Anthony Morrow",12.73,0.089,0.00330275229357798,330
"980","Quinn Buckner",12.73,0.073,0.0379276773296245,533
"981","Steve Colter",12.73,0.084,0.00975903614457831,149
"982","Ennis Whatley",12.73,0.063,-0.00609022556390978,153
"983","Jason Maxiell",12.72,0.086,-1.07788643167491e-18,230
"984","John Bagley",12.72,0.047,0.00162406015037594,530
"985","Sergio Rodriguez",12.72,0.042,-0.0122434367541766,68
"986","Walt Wesley",12.71,0.04,-0.00117052023121387,164
"987","Stacey Augmon",12.7,0.096,0.0254476908576814,390
"988","Charlie Criss",12.7,0.073,-0.0132786885245902,224
"989","George Thompson",12.7,0.065,0.0036986301369863,73
"990","Gerald Green",12.69,0.066,-0.00658536585365854,232
"991","Quentin Richardson",12.69,0.076,0.0310344827586207,487
"992","Derrek Dickey",12.69,0.095,-0.00366847826086957,80
"993","Lionel Hollins",12.68,0.056,0.006,594
"994","Ollie Johnson",12.68,0.087,0.00920052424639581,543
"995","Miles Plumlee",12.68,0.088,0.0036322869955157,80
"996","Dwight Jones",12.68,0.077,0.00703583061889251,382
"997","Aaron Brooks",12.67,0.065,0.00097708082026538,316
"998","Rick Roberson",12.67,0.068,0.00127659574468085,268
"999","M.L. Carr",12.66,0.098,0.0523013245033113,323
"1000","Jim Jackson",12.66,0.055,0.0283263946711074,799
"1001","Bojan Bogdanovic",12.66,0.066,-0.00609022556390978,318
"1002","Kurt Rambis",12.66,0.111,0.0436842105263158,461
"1003","Boris Diaw",12.65,0.083,0.0503161397670549,851
"1004","Larry Steele",12.65,0.092,0.0362950819672131,319
"1005","Gary Melchionni",12.65,0.067,-0.0157664233576642,68
"1006","Tim Legler",12.64,0.104,0.00944606413994169,77
"1007","Larry Stewart",12.64,0.087,0.014,157
"1008","Kenny Gattison",12.64,0.082,0.00546558704453441,231
"1009","Al Butler",12.64,0.075,0,113
"1010","Tyronn Lue",12.64,0.077,-0.0127855153203343,270
"1011","Billy Thompson",12.64,0.069,0.0297,158
"1012","Jason Smith",12.64,0.068,-0.00588926174496644,82
"1013","Danny Schayes",12.63,0.098,0.00988853503184713,609
"1014","Lavoy Allen",12.63,0.092,0.0071523178807947,158
"1015","Dion Glover",12.63,0.043,-0.00818181818181818,145
"1016","Sean Kilpatrick",12.63,0.041,-0.023625,70
"1017","Predrag Drobnjak",12.62,0.049,-0.0301079136690648,82
"1018","George Johnson",12.61,0.081,0.0324356435643564,795
"1019","Marquis Daniels",12.61,0.068,0.0137956204379562,190
"1020","Tree Rollins",12.6,0.127,0.0569896193771626,774
"1021","Jae Crowder",12.6,0.1,0.037584,307
"1022","Bryant Stith",12.6,0.086,0.0262627986348123,375
"1023","LaSalle Thompson",12.6,0.079,0.0203679852805888,564
"1024","Marcus Morris",12.59,0.083,0.023199268738574,399
"1025","Lucious Harris",12.59,0.087,0.0016875,449
"1026","Nick Young",12.59,0.055,-0.0222107969151671,332
"1027","Bernie Fryer",12.59,0.046,-0.00486486486486487,80
"1028","Shelden Williams",12.58,0.084,-0.0112287334593573,81
"1029","Rashad McCants",12.57,0.033,-0.00791530944625407,75
"1030","Curtis Rowe",12.56,0.09,0.00915254237288136,486
"1031","Don Buse",12.56,0.098,0.04375,408
"1032","Rick Robey",12.56,0.085,0.00613636363636364,243
"1033","Tom Van Arsdale",12.55,0.06,-0.00670951156812339,925
"1034","Rodney White",12.55,0.026,-0.0185869565217391,72
"1035","Tyrone Corbin",12.54,0.097,0.0431841526045488,787
"1036","Sarunas Jasikevicius",12.54,0.077,-0.00805970149253731,75
"1037","Jackie Moreland",12.54,0.061,0,156
"1038","Tom Gola",12.53,0.096,0,485
"1039","Chase Budinger",12.53,0.082,0.00684989429175476,78
"1040","Louie Nelson",12.53,0.056,-0.0042023346303502,138
"1041","Rory White",12.53,0.057,-0.012,143
"1042","Gerald Wilkins",12.52,0.062,0.0171,797
"1043","Cliff Meely",12.51,0.035,-0.0122727272727273,236
"1044","Ron Boone",12.5,0.045,-0.00528260869565218,402
"1045","Curtis Perry",12.5,0.096,0.0398918918918919,373
"1046","Blue Edwards",12.5,0.062,0.0206614785992218,552
"1047","Dave Budd",12.5,0.088,0,78
"1048","Lonzo Ball",12.5,0.054,0.0882692307692308,52
"1049","Steve Kerr",12.49,0.137,0.0154365904365904,406
"1050","Fred Roberts",12.49,0.087,0.0051457399103139,323
"1051","Toney Douglas",12.49,0.079,0.0167441860465116,81
"1052","Sam Williams",12.49,0.081,0.019575,75
"1053","Barry Clemens",12.48,0.071,0.000341772151898734,78
"1054","Pearl Washington",12.48,0.023,-0.00417525773195876,72
"1055","Lorenzen Wright",12.47,0.078,-0.000678391959798995,510
"1056","Ernie Grunfeld",12.47,0.093,0.0155844155844156,242
"1057","Shane Battier",12.46,0.12,0.101473087818697,898
"1058","Omer Asik",12.46,0.106,0.00441717791411043,158
"1059","Billy Paultz",12.45,0.089,0.026828025477707,406
"1060","Adam Keefe",12.45,0.116,0.0214424635332253,244
"1061","Joe Bryant",12.45,0.048,0.00311881188118812,319
"1062","Jason Caffey",12.45,0.074,-0.00747232472324723,71
"1063","Shaun Livingston",12.44,0.082,0.00458663646659117,269
"1064","Louie Dampier",12.44,0.074,-0.0162931034482759,162
"1065","Tim McCormick",12.43,0.098,0.0107414104882459,353
"1066","Jamario Moon",12.43,0.102,0.0438352941176471,158
"1067","Jerryd Bayless",12.43,0.073,0.00194244604316547,281
"1068","Jeff Judkins",12.43,0.088,0,81
"1069","Reggie King",12.42,0.105,0.0437671232876712,320
"1070","Herb Williams",12.42,0.058,0.0141407528641571,869
"1071","Kevin Grevey",12.42,0.083,0.00482142857142857,357
"1072","Clemon Johnson",12.42,0.094,0.0220734597156398,402
"1073","Darnell Hillman",12.42,0.074,0.0184931506849315,238
"1074","Andres Nocioni",12.41,0.084,0.00457627118644068,321
"1075","Matt Barnes",12.41,0.091,0.0438526912181303,603
"1076","Frank Johnson",12.41,0.064,-0.0036241610738255,229
"1077","John Salley",12.4,0.118,0.0533164556962025,461
"1078","Robert Reid",12.39,0.073,0.0335116044399596,782
"1079","Marco Belinelli",12.39,0.079,0.00671641791044776,521
"1080","Tim Perry",12.39,0.073,0.0153228962818004,241
"1081","Linas Kleiza",12.39,0.08,-0.00528117359413203,161
"1082","Geoff Huston",12.39,0.044,-0.0360311958405546,372
"1083","Udonis Haslem",12.38,0.114,0.0060781990521327,581
"1084","Jodie Meeks",12.38,0.094,0.0182741116751269,295
"1085","Carlos Delfino",12.38,0.094,0.0431360946745562,327
"1086","Juan Dixon",12.38,0.036,-0.0104210526315789,157
"1087","Brent Price",12.37,0.083,0.0103349282296651,81
"1088","Tomas Satoransky",12.37,0.114,0.0228461538461538,73
"1089","Joe Meriweather",12.37,0.087,0.0148192771084337,522
"1090","Larry Jones",12.37,0.056,0.00852631578947368,72
"1091","Malik Rose",12.36,0.09,0.00378640776699029,161
"1092","Chucky Atkins",12.35,0.077,0.0015625,534
"1093","Eddie Jordan",12.35,0.048,0.00926243567753002,164
"1094","Stan McKenzie",12.34,0.091,-0.00125874125874126,244
"1095","Steve Novak",12.34,0.125,0.00747232472324723,81
"1096","Jim Barnes",12.34,0.076,0,214
"1097","Vladimir Stepania",12.34,0.067,-0.018,79
"1098","Jim Cleamons",12.33,0.081,0.0295485636114911,591
"1099","Jeff McInnis",12.33,0.073,-0.00961300309597523,308
"1100","Tony Battie",12.33,0.097,0.00623076923076923,517
"1101","Ish Smith",12.33,0.037,-0.00657645466847091,290
"1102","Maurice Taylor",12.33,0.034,-0.0302003338898164,323
"1103","Erick Strickland",12.32,0.062,0.00882032667876588,214
"1104","Charles Johnson",12.32,0.061,-0.00136824324324324,242
"1105","Gary Neal",12.32,0.06,-0.0141484716157205,80
"1106","Ron Brewer",12.31,0.058,-0.0099761620977354,356
"1107","Courtney Lee",12.31,0.088,0.0352689352360044,753
"1108","Adonal Foyle",12.31,0.07,0.0134454912516824,313
"1109","Phil Jordon",12.31,0.018,0,230
"1110","Chris Ford",12.3,0.076,0.0416571428571429,872
"1111","Khalid Reeves",12.3,0.063,0,82
"1112","Bobby Simmons",12.29,0.084,0.0312875536480687,291
"1113","Vincent Askew",12.29,0.111,0.0199142367066895,220
"1114","James Posey",12.28,0.106,0.0584477296726505,823
"1115","Mark Olberding",12.28,0.096,0.0330867052023121,789
"1116","Ronnie Lester",12.28,0.061,-0.00864,75
"1117","Jon Sundvold",12.28,0.048,-0.0333466135458167,76
"1118","Anthony Parker",12.26,0.086,0.0502834008097166,388
"1119","Raul Lopez",12.25,0.047,-0.0191150442477876,82
"1120","Damon Jones",12.24,0.098,0.00953804347826087,246
"1121","George McCloud",12.24,0.071,0.021144578313253,302
"1122","Reggie Johnson",12.24,0.088,0.00176470588235294,233
"1123","Ronald Murray",12.24,0.034,-0.017507204610951,313
"1124","Jim Washington",12.23,0.081,0.001727078891258,698
"1125","Kevin Edwards",12.22,0.039,0.00545878693623639,399
"1126","Darrick Martin",12.22,0.047,-0.0230890052356021,164
"1127","Al-Farouq Aminu",12.22,0.071,0.0311714770797963,368
"1128","Mark Davis",12.22,0.041,0.00456081081081081,75
"1129","Tom McMillen",12.21,0.088,-0.00670807453416149,289
"1130","Maurice Harkless",12.2,0.079,0.0312289156626506,233
"1131","David Nwaba",12.2,0.075,0.003,70
"1132","Jay Williams",12.2,0.02,-0.0036,75
"1133","Bob Weiss",12.19,0.084,0.000627906976744186,489
"1134","Jamie Feick",12.18,0.089,0.005,81
"1135","Reggie Harding",12.18,0.049,0,78
"1136","Mo Layton",12.17,0.048,-0.00920454545454545,80
"1137","Josh Richardson",12.16,0.09,0.0566129032258064,134
"1138","Terrence Ross",12.16,0.075,0.0187730061349693,314
"1139","Leonard Gray",12.16,0.073,0.0184690553745928,224
"1140","Sam Mitchell",12.15,0.09,-0.00461770623742455,485
"1141","Mikki Moore",12.15,0.104,0.00801186943620178,161
"1142","Ben Poquette",12.15,0.093,0.0247036082474227,400
"1143","Glen Davis",12.15,0.079,-0.00463917525773196,222
"1144","Bill Garnett",12.15,0.099,0.0252,80
"1145","Al Skinner",12.15,0.066,0.0149538461538462,156
"1146","Samaki Walker",12.14,0.091,-0.0115280898876404,69
"1147","Ryan Gomes",12.14,0.069,0.013305954825462,389
"1148","Duane Ferrell",12.14,0.086,0.001852487135506,148
"1149","Andrew DeClercq",12.14,0.099,0.0132018927444795,163
"1150","Kirk Hinrich",12.13,0.09,0.0395386158475426,734
"1151","Bryon Russell",12.13,0.115,0.0590725326991677,439
"1152","James Ennis",12.13,0.096,0.0197770700636943,136
"1153","Yogi Ferrell",12.13,0.068,0.0217241379310345,82
"1154","Phil Jackson",12.12,0.098,0.0113754646840149,160
"1155","Toby Kimball",12.12,0.065,0,309
"1156","McCoy McLemore",12.12,0.032,0,379
"1157","Jamaal Magloire",12.1,0.087,-0.0148101265822785,409
"1158","Donnell Harvey",12.1,0.072,-0.00951923076923077,77
"1159","Vladimir Radmanovic",12.09,0.075,0.024887459807074,289
"1160","Adrian Smith",12.08,0.081,0,468
"1161","Vernon Maxwell",12.08,0.054,0.00821393523061825,677
"1162","Donald Royal",12.08,0.102,0,147
"1163","Jim Thomas",12.08,0.071,0.00670807453416149,80
"1164","Greg Anderson",12.08,0.059,-0.0140775401069519,405
"1165","Monty Williams",12.08,0.071,0.00166324435318275,75
"1166","Bill Bradley",12.07,0.082,-0.00291105121293801,630
"1167","Jumaine Jones",12.07,0.074,0.0143312101910828,313
"1168","Larry Smith",12.06,0.097,0.0458663646659117,629
"1169","John Roche",12.06,0.075,-0.0216666666666667,82
"1170","Luther Head",12.05,0.089,0.0227368421052632,160
"1171","Alton Lister",12.05,0.091,0.0199115044247788,640
"1172","Othella Harrington",12.05,0.078,-0.0141379310344828,307
"1173","Rob Williams",12.04,0.03,-0.0194117647058824,79
"1174","Al Thornton",12.04,0.041,-0.0268778280542986,225
"1175","Aaron McKie",12.03,0.095,0.0394984326018809,558
"1176","Luke Jackson",12.03,0.074,-0.00266447368421053,397
"1177","Danny Young",12.03,0.1,0.00636792452830189,82
"1178","Brad Lohaus",12.03,0.07,0.00964285714285714,160
"1179","Earl Watson",12.03,0.05,0.00484177215189874,613
"1180","Shaler Halimon",12.02,-0.003,0,160
"1181","Greg Smith",12.01,0.091,-0.000649819494584838,527
"1182","Dwight Davis",12,0.068,0.00952941176470588,235
"1183","Coby Dietrick",12,0.081,0.028125,240
"1184","Derrick Chievous",12,0.066,-0.0155023923444976,81
"1185","Kevin Seraphin",12,0.044,-0.0197872340425532,79
"1186","Craig Hodges",11.99,0.088,0.00921951219512195,378
"1187","Dan Dickau",11.99,0.063,0.00195652173913043,138
"1188","Evan Turner",11.97,0.049,-0.00427953890489914,667
"1189","Domantas Sabonis",11.96,0.077,-0.00696774193548387,155
"1190","J.R. Reid",11.96,0.075,0,392
"1191","Darrell Arthur",11.95,0.067,0.001610337972167,150
"1192","Tyrone Nesby",11.95,0.046,0.00936908517350158,135
"1193","Jorge Garbajosa",11.94,0.075,0.0510810810810811,67
"1194","Joe Ellis",11.94,0.024,-0.00206106870229008,230
"1195","Harvey Grant",11.93,0.085,0.0227586206896552,600
"1196","Buck Johnson",11.93,0.084,0.0203168316831683,302
"1197","Terry Dehere",11.93,0.046,-0.0182943925233645,162
"1198","Winston Garland",11.93,0.044,-0.000915254237288136,445
"1199","Kwame Brown",11.92,0.073,-0.00167441860465116,292
"1200","John Paxson",11.91,0.101,-0.00944300518134715,559
"1201","Shabazz Napier",11.91,0.058,0.00231759656652361,74
"1202","Jim McElroy",11.9,0.061,-0.0105773195876289,293
"1203","Donatas Motiejunas",11.9,0.077,0.00108870967741935,71
"1204","Juan Carlos Navarro",11.9,0.032,-0.00329268292682927,82
"1205","Mark Blount",11.89,0.06,-0.00950456323337679,396
"1206","Larry Krystkowiak",11.89,0.083,-0.000642857142857143,159
"1207","Dean Garrett",11.89,0.094,0.00961832061068702,150
"1208","Jeff Grayer",11.88,0.052,-0.00914221218961626,82
"1209","Ron Mercer",11.87,0.028,-0.0302712477396022,415
"1210","Dion Waiters",11.87,0.033,-0.0151685393258427,289
"1211","Jaylen Brown",11.86,0.082,0.00547297297297298,70
"1212","Keith Erickson",11.85,0.064,0.00704960835509138,512
"1213","Fred LaCour",11.85,0.066,0,73
"1214","Maurice Evans",11.83,0.096,0.0117887323943662,372
"1215","Francisco Garcia",11.83,0.073,0.0235749588138386,144
"1216","Mike Sanders",11.83,0.072,0.00219512195121951,328
"1217","Darko Milicic",11.83,0.042,0.00681081081081081,219
"1218","Tony Wroten",11.83,-0.02,-0.0316551724137931,72
"1219","Clyde Lee",11.8,0.079,-0.00197080291970803,512
"1220","Hank Finkel",11.8,0.094,-0.00343012704174229,80
"1221","Butch Carter",11.8,0.058,-0.00802702702702703,154
"1222","Josh Jackson",11.8,-0.017,-0.0385714285714286,77
"1223","Johnny Egan",11.79,0.077,0,510
"1224","Dean Meminger",11.78,0.094,0.0155769230769231,158
"1225","John Salmons",11.77,0.074,0.02216240070609,810
"1226","Kentavious Caldwell-Pope",11.76,0.079,0.0452319587628866,388
"1227","Sidney Green",11.76,0.063,-0.00977715877437326,315
"1228","Paul Griffin",11.75,0.094,0.050625,327
"1229","Wally Walker",11.75,0.063,-0.00420560747663551,234
"1230","Mike Evans",11.75,0.044,-0.0167373572593801,159
"1231","Vonteego Cummings",11.75,0.027,-0.0122110552763819,75
"1232","Luc Longley",11.74,0.07,0.00755832037325039,196
"1233","Haywoode Workman",11.74,0.07,0.010253164556962,138
"1234","Marquese Chriss",11.74,0.037,0.00350649350649351,154
"1235","Frank Selvy",11.73,0.076,0,236
"1236","Cherokee Parks",11.73,0.077,4.13490884404155e-19,79
"1237","Mike O'Koren",11.72,0.079,0.0212285012285012,159
"1238","George Lee",11.72,0.06,0,74
"1239","Gary Gregor",11.72,0.017,0,243
"1240","Ken Charles",11.71,0.062,0.00419254658385093,242
"1241","Joe Ingles",11.7,0.11,0.0566666666666667,243
"1242","Ben Warley",11.7,0.077,0,79
"1243","Mike Bratz",11.7,0.05,-0.00460750853242321,243
"1244","Anthony Goldwire",11.69,0.067,-0.014025974025974,82
"1245","Ron Lee",11.68,0.047,0.0251493848857645,246
"1246","Marko Jaric",11.68,0.051,0.0265771812080537,328
"1247","Gordan Giricek",11.67,0.044,-0.0155857385398981,230
"1248","Kenny Higgs",11.67,0.051,-0.01,148
"1249","Jerami Grant",11.66,0.081,0.00352480417754569,238
"1250","Leon Douglas",11.65,0.072,0.00651315789473684,309
"1251","Ervin Johnson",11.64,0.107,0.0277988165680473,487
"1252","Chuck Hayes",11.63,0.115,0.0382978723404255,313
"1253","Andrew Lang",11.63,0.084,0.00868811881188119,440
"1254","Landry Fields",11.62,0.084,0.0296470588235294,148
"1255","Kenny Walker",11.62,0.094,0.0102455357142857,218
"1256","A.J. English",11.62,0.017,-0.0429139072847682,81
"1257","John Gianelli",11.61,0.079,0.0157536466774716,402
"1258","Moochie Norris",11.61,0.055,-0.00409090909090909,164
"1259","Lance Stephenson",11.6,0.068,0.0174193548387097,299
"1260","David Benoit",11.6,0.084,0.000949033391915641,234
"1261","Reggie Evans",11.59,0.083,-0.00203225806451613,240
"1262","Jim King",11.58,0.075,0,198
"1263","Brian Skinner",11.58,0.07,-0.00186980609418283,123
"1264","Jim Brewer",11.57,0.084,0.0403448275862069,487
"1265","Bimbo Coles",11.56,0.066,-0.000557851239669421,519
"1266","Stacey King",11.55,0.066,-0.0124698795180723,82
"1267","Tony Massenburg",11.54,0.06,-0.0339735099337748,159
"1268","Taurean Waller-Prince",11.54,0.043,0.0134042553191489,82
"1269","Eric Snow",11.53,0.089,0.0124615384615385,650
"1270","Tommy Kron",11.53,0.028,0,76
"1271","Corey Brewer",11.51,0.057,0.0136740331491713,555
"1272","Dudley Bradley",11.5,0.076,0.0308571428571429,164
"1273","Wayne Robinson",11.5,0.051,-0.01,81
"1274","Cornell Warner",11.49,0.075,0.00595925297113752,160
"1275","Ollie Mack",11.49,0.05,0.00333333333333333,127
"1276","Lindsey Hunter",11.48,0.068,0.0273745997865528,610
"1277","Mickael Pietrus",11.48,0.077,0.0158306188925081,147
"1278","Anthony Bonner",11.47,0.069,0.0229245283018868,149
"1279","Tim Frazier",11.47,0.061,-0.00544354838709677,65
"1280","Freddie Crawford",11.47,0.052,0,81
"1281","Major Jones",11.47,0.052,-0.0036096256684492,82
"1282","Thabo Sefolosha",11.46,0.097,0.0479857819905213,440
"1283","Eric Williams",11.46,0.072,-0.00670807453416149,380
"1284","Kent Bazemore",11.46,0.054,0.0139751552795031,213
"1285","Jake Tsakalidis",11.46,0.091,-0.0130769230769231,67
"1286","Terry Rozier",11.45,0.088,0.0195854922279793,80
"1287","Rumeal Robinson",11.45,0.034,-0.00705463182897862,161
"1288","Danny Ferry",11.44,0.092,0.014721919302072,325
"1289","Devin Brown",11.44,0.063,-0.00257142857142857,217
"1290","Hot Rod Hundley",11.44,0.031,0,152
"1291","Tyler Ulis",11.44,0.009,-0.0388636363636364,71
"1292","Eduardo Najera",11.42,0.099,0.0239427012278308,153
"1293","Martell Webster",11.41,0.085,0.020948275862069,393
"1294","Kurt Nimphius",11.41,0.069,0.0110281690140845,392
"1295","Steve Kuberski",11.41,0.074,-0.00973354231974922,82
"1296","Derrick Alston",11.41,0.047,-0.00194244604316547,73
"1297","Bruce Seals",11.4,0.058,-0.0172340425531915,162
"1298","Ed Sherod",11.4,0.074,0.02953125,64
"1299","Jonathon Simmons",11.4,0.067,0,69
"1300","Vitaly Potapenko",11.38,0.064,-0.0171428571428571,161
"1301","James Hardy",11.38,0.056,0.0162650602409639,158
"1302","Tony Smith",11.38,0.047,-0.00575581395348837,73
"1303","Brian Shaw",11.37,0.048,0.00735211267605634,675
"1304","Joe Strawder",11.37,0.082,0,231
"1305","Sasha Danilovic",11.37,0.083,0.0226717557251908,56
"1306","Jannero Pargo",11.37,0.027,-0.0144128113879004,82
"1307","Darrall Imhoff",11.36,0.078,0,400
"1308","Doug Smith",11.36,0.025,-0.0136824324324324,216
"1309","Tom Sanders",11.35,0.122,0,772
"1310","Keyon Dooling",11.34,0.063,-0.0133516483516484,157
"1311","Keith Herron",11.34,0.059,-0.0130645161290323,80
"1312","Jerry Eaves",11.34,0.046,-0.0305357142857143,82
"1313","Randy Foye",11.33,0.055,0.0087515006002401,594
"1314","Marcus Smart",11.33,0.07,0.0424137931034483,261
"1315","Anthony Bowie",11.33,0.07,0.00292841648590022,129
"1316","Tom Garrick",11.33,0.057,-0.00371134020618557,73
"1317","Charlie Tyra",11.33,0.022,0,152
"1318","Marcus Liberty",11.31,0.035,-0.0123934426229508,153
"1319","Sasha Vujacic",11.3,0.082,0.01125,123
"1320","Travis Mays",11.3,0.039,-0.0117391304347826,64
"1321","Felipe Lopez",11.3,0.041,-0.00507836990595611,70
"1322","Langston Galloway",11.29,0.056,0.00648648648648649,82
"1323","Sean Rooks",11.28,0.058,-0.0118066743383199,234
"1324","Isaiah Canaan",11.26,0.054,-0.00794117647058824,77
"1325","Chris Douglas-Roberts",11.26,0.059,-0.0121621621621622,67
"1326","Arron Afflalo",11.25,0.074,0.0147857142857143,613
"1327","Allen Crabbe",11.25,0.086,0.019734219269103,235
"1328","Tariq Abdul-Wahad",11.25,0.039,-0.0100934579439252,61
"1329","Derek Fisher",11.24,0.088,0.0167895878524946,1023
"1330","Rory Sparrow",11.24,0.059,-0.00555337904015671,766
"1331","Dante Cunningham",11.23,0.076,0.0107730673316708,524
"1332","Chico Vaughn",11.23,0.064,0,152
"1333","LaBradford Smith",11.22,0.028,-0.0195180722891566,69
"1334","Chucky Brown",11.2,0.074,-0.0111620111731844,82
"1335","Damien Wilkins",11.2,0.053,0.00324742268041237,320
"1336","Med Park",11.2,0.049,0,74
"1337","De'Aaron Fox",11.2,-0.014,-0.0443835616438356,73
"1338","Jack George",11.19,0.036,0,69
"1339","Ernie DiGregorio",11.19,0.011,-0.0452472527472528,162
"1340","Tod Murphy",11.18,0.095,0.0135,82
"1341","Anthony Tolliver",11.18,0.094,0.0235922330097087,79
"1342","Kevin Duckworth",11.18,0.068,-0.0284779706275033,476
"1343","Shandon Anderson",11.16,0.072,0.0185732484076433,490
"1344","Mark West",11.15,0.095,0.0128571428571429,478
"1345","Brian Cardinal",11.15,0.114,0.0260526315789474,76
"1346","Duane Causwell",11.15,0.081,0.00798521256931608,156
"1347","John Warren",11.15,0.041,-0.00267326732673267,82
"1348","Al Attles",11.13,0.099,0,632
"1349","Rick Adelman",11.13,0.047,-0.00155769230769231,237
"1350","Bob Wilkerson",11.13,0.027,0.00302238805970149,536
"1351","Ron Riley",11.13,0.023,-0.00951923076923077,151
"1352","E'Twaun Moore",11.12,0.058,0.00467532467532468,309
"1353","Shannon Brown",11.12,0.054,-0.00800395256916996,164
"1354","George Wilson",11.12,0.013,0,79
"1355","P.J. Tucker",11.11,0.085,0.0539070567986231,540
"1356","Jerry Sichting",11.11,0.079,-0.0114306569343066,388
"1357","Ira Terrell",11.11,0.072,-0.00460227272727273,78
"1358","Alvin Scott",11.1,0.102,0.0219617224880383,243
"1359","John Trapp",11.1,0.054,0,82
"1360","Fatty Taylor",11.1,0.065,0.0307594936708861,79
"1361","Bob Hopkins",11.1,0.056,0,75
"1362","Wayne Ellington",11.09,0.063,-0.00282089552238806,296
"1363","Pete Cross",11.09,0.049,0,79
"1364","Brian Cook",11.07,0.075,-0.00808988764044944,81
"1365","Terrence Williams",11.07,-0.006,-0.0238235294117647,78
"1366","Mike Riordan",11.06,0.098,0.00774748923959828,396
"1367","Wali Jones",11.06,0.05,-0.00173076923076923,397
"1368","Adrian Griffin",11.06,0.094,0.03216796875,72
"1369","Wil Jones",11.06,0.05,0.0135849056603774,159
"1370","James Robinson",11.06,0.037,-0.00786407766990291,147
"1371","Rick Mahorn",11.04,0.096,0.0261056401074306,615
"1372","Shane Larkin",11.04,0.043,-0.006328125,154
"1373","Willie Jones",11.03,0.009,0,77
"1374","Yi Jianlian",11.02,0.025,-0.0406985294117647,118
"1375","Avery Bradley",11.01,0.047,0.00106930693069307,268
"1376","James Jones",11,0.109,0.0156135401974612,156
"1377","Clint Richardson",11,0.068,0.00322525597269625,302
"1378","Al Eberhard",11,0.061,-0.00613636363636364,81
"1379","Erwin Mueller",10.98,0.051,0,306
"1380","Roy Rogers",10.97,0.032,-0.0142105263157895,82
"1381","Sam Young",10.96,0.06,-0.00950704225352113,78
"1382","Jarvis Hayes",10.96,0.049,-0.0145433255269321,279
"1383","Dirk Minniefield",10.96,0.047,-0.0124728260869565,74
"1384","Fred Jones",10.95,0.073,0.0164300202839757,296
"1385","Bill Hanzlik",10.95,0.076,0.013355614973262,476
"1386","Ralph Simpson",10.95,0.002,-0.0315384615384615,77
"1387","Emmanuel Mudiay",10.95,-0.015,-0.0387250996015936,68
"1388","Joey Graham",10.94,0.062,-0.0207692307692308,158
"1389","Dave Wohl",10.92,0.036,-0.0169306930693069,288
"1390","Don Chaney",10.91,0.094,0.0132786885245902,483
"1391","Andy Johnson",10.91,0.057,0,150
"1392","Hubert Davis",10.9,0.085,0.0028125,382
"1393","John Brown",10.9,0.075,0.00521235521235521,300
"1394","Willie Green",10.9,0.042,-0.0221614227086183,379
"1395","John Barnhill",10.87,0.048,0,228
"1396","Leon Benbow",10.87,0.044,-0.00704347826086957,76
"1397","Doug West",10.82,0.051,-0.00878698224852071,444
"1398","Tom Hammonds",10.81,0.067,-0.0236842105263158,81
"1399","Mark Eaton",10.79,0.085,0.0694285714285714,811
"1400","Howard Eisley",10.79,0.055,-0.00693790149892934,328
"1401","Justin Holiday",10.79,0.051,0.0049390243902439,154
"1402","Jonny Flynn",10.79,-0.012,-0.04359375,81
"1403","DerMarr Johnson",10.78,0.052,0.00470930232558139,72
"1404","Jim Krebs",10.77,0.059,0,232
"1405","Tom Hawkins",10.77,0.062,0,695
"1406","Brandon Ingram",10.77,0.028,-0.013695652173913,138
"1407","Sebastian Telfair",10.77,0.021,-0.0267567567567568,281
"1408","Joel Przybilla",10.75,0.09,0.0108837209302326,235
"1409","Brad Sellers",10.75,0.061,-0.00827133479212254,242
"1410","Steve Blake",10.74,0.065,0.00273229070837167,589
"1411","Kevin Restani",10.74,0.066,-0.00207373271889401,321
"1412","Randy White",10.74,0.017,-0.0317081850533808,79
"1413","Kevin Ollie",10.73,0.069,-0.0187100213219616,163
"1414","Chris Smith",10.71,0.039,-0.0298672566371681,80
"1415","John Laskowski",10.7,0.047,-0.0388983050847458,71
"1416","Tom LaGarde",10.69,0.05,-0.00432692307692308,82
"1417","Chris Childs",10.68,0.078,0.00786407766990291,428
"1418","Jason Hart",10.67,0.072,0.00256532066508314,74
"1419","Alonzo Gee",10.67,0.052,0.00768500948766603,218
"1420","Anthony Johnson",10.66,0.065,-0.00598265895953757,357
"1421","Don Adams",10.66,0.036,0.000851735015772871,520
"1422","Kris Dunn",10.66,0.015,0.0124615384615385,52
"1423","Primoz Brezec",10.63,0.079,-0.00915254237288136,151
"1424","Jarell Martin",10.63,0.05,-0.0209154929577465,73
"1425","Smush Parker",10.62,0.041,0.00339622641509434,164
"1426","Lamar Green",10.62,0.051,-0.00975,80
"1427","K.C. Jones",10.61,0.108,0,553
"1428","Lorenzo Williams",10.61,0.065,0.0314150943396226,147
"1429","Lloyd Daniels",10.6,0.037,-0.00107142857142857,77
"1430","Barney Cable",10.59,0.042,0,142
"1431","Steve Patterson",10.59,0.042,0.00129807692307692,76
"1432","Howard Komives",10.59,0.014,-0.00261185006045949,684
"1433","Luke Walton",10.58,0.063,0.00727272727272727,134
"1434","Jeff Cook",10.56,0.087,0.0196433666191156,160
"1435","Daniel Gibson",10.56,0.082,0.0156423173803526,200
"1436","Raja Bell",10.55,0.079,0.0339666238767651,557
"1437","Calbert Cheaney",10.55,0.051,-0.00196363636363636,602
"1438","Troy Daniels",10.55,0.051,-0.01125,79
"1439","Jonathan Bender",10.54,0.049,-0.0154580152671756,78
"1440","Cedrick Hordges",10.54,0.036,-0.0186206896551724,68
"1441","Anthony Carter",10.52,0.041,-0.00946646341463415,299
"1442","Austin Rivers",10.51,0.039,-0.0117148760330579,211
"1443","Randy Brown",10.49,0.047,-0.00164885496183206,134
"1444","Fabricio Oberto",10.48,0.134,0.0265178571428571,82
"1445","Rafael Addison",10.48,0.041,-0.0206596306068602,79
"1446","Jim Petersen",10.47,0.067,0.00274949083503055,299
"1447","Charlie Bell",10.47,0.063,0.0105744125326371,291
"1448","Terry Davis",10.47,0.056,-0.0241875,217
"1449","Wayne Hightower",10.44,0.02,0,154
"1450","Manny Leaks",10.43,0.014,-0.012,82
"1451","Bostjan Nachbar",10.42,0.067,-0.00636792452830189,151
"1452","Earl Cureton",10.42,0.057,0.00753989361702128,321
"1453","Win Wilfong",10.4,0.005,0,72
"1454","Chris Duhon",10.37,0.077,0.00891089108910891,380
"1455","Anthony Roberts",10.37,0.041,-0.027887323943662,82
"1456","Sidney Lowe",10.37,0.057,-0.0189252336448598,80
"1457","Rasual Butler",10.36,0.056,-0.00283878504672897,471
"1458","Jerome Whitehead",10.34,0.06,-0.0197482014388489,151
"1459","Bobby Lewis",10.34,0.013,0,79
"1460","T.R. Dunn",10.33,0.083,0.0503021148036254,732
"1461","Ted McClain",10.33,0.051,-0.00326612903225806,72
"1462","Randolph Keys",10.33,0.033,-0.0126168224299065,80
"1463","Greg Buckner",10.32,0.091,0.027,218
"1464","Fred Foster",10.32,0.017,-0.00959390862944162,148
"1465","Matt Maloney",10.31,0.061,0.00274576271186441,160
"1466","Mark Bryant",10.31,0.092,-0.0033210332103321,146
"1467","Ed Manning",10.3,0.038,0,79
"1468","Johnny Cox",10.3,0.014,0,73
"1469","Devean George",10.29,0.075,0.0107142857142857,306
"1470","Hub Reed",10.29,0.058,0,140
"1471","Gene Conley",10.29,0.049,0,70
"1472","Jiri Welsch",10.26,0.059,-0.00339622641509434,81
"1473","Kendrick Perkins",10.25,0.073,0.0193515358361775,447
"1474","Luc Mbah a Moute",10.25,0.076,0.0170107238605898,442
"1475","Don Ford",10.25,0.067,-0.00148080438756856,316
"1476","James Anderson",10.25,0.043,-0.00566433566433566,80
"1477","Freddie Boyd",10.24,0.011,-0.0312396694214876,157
"1478","Mario Hezonja",10.22,0.03,-0.00863013698630137,75
"1479","Ime Udoka",10.21,0.074,0.0205063291139241,75
"1480","Doug McDermott",10.21,0.069,-0.0157664233576642,228
"1481","Dave Piontek",10.21,0.025,0,77
"1482","Bud Stallworth",10.21,0.006,-0.0396805111821086,73
"1483","Mike Farmer",10.2,0.034,0,147
"1484","Bucky Bockhorn",10.2,0.026,0,384
"1485","Felton Spencer",10.19,0.078,-0.0106030855539972,305
"1486","Pat Garrity",10.18,0.081,0.00342391304347826,237
"1487","Roger Mason",10.17,0.065,0,241
"1488","Michael Olowokandi",10.16,0.01,-0.0453284671532847,242
"1489","Chris King",10.15,0.023,-0.0104854368932039,80
"1490","Jaren Jackson",10.14,0.077,0.0131554524361949,163
"1491","Mike Holton",10.13,0.037,-0.0244759206798867,141
"1492","Len Elmore",10.12,0.076,0.0155049504950495,81
"1493","Iman Shumpert",10.12,0.055,0.0272421524663677,271
"1494","Tellis Frank",10.12,0.042,-0.0122727272727273,155
"1495","Joe Roberts",10.11,0.035,0,80
"1496","Lee Mayberry",10.1,0.036,-0.035383064516129,405
"1497","Chris Dudley",10.09,0.071,0.000852631578947369,386
"1498","Rick Brunson",10.09,0.035,-0.0183802816901408,80
"1499","E.C. Coleman",10.07,0.066,0.00756302521008403,293
"1500","Caldwell Jones",10.06,0.08,0.0260393258426966,802
"1501","Denzel Valentine",10.06,0.048,0.012089552238806,77
"1502","Ryan Bowen",10.04,0.093,0.0175739644970414,75
"1503","Wesley Johnson",10.03,0.04,0.0141856392294221,314
"1504","Dick Garrett",10.03,0.031,-0.00569920844327177,299
"1505","Johan Petro",10.03,0.036,-0.0232758620689655,81
"1506","Donnie Butcher",10.03,0.039,0,130
"1507","Pete Myers",10.02,0.04,-0.00810506566604128,82
"1508","Alan Anderson",10.02,0.051,-0.00163636363636364,152
"1509","Rudy Macklin",10.02,0.058,-0.010125,79
"1510","Kendall Marshall",10.02,0.016,-0.04725,54
"1511","Randy Wittman",10.01,0.068,-7.31613195799115e-19,234
"1512","Jake Voskuhl",10.01,0.087,-0.0024,66
"1513","Ray Felix",10.01,0.059,0,78
"1514","Dennis Awtrey",10,0.082,0.00676537585421412,396
"1515","Malik Allen",9.99,0.049,-0.0188586030664395,80
"1516","Tom Tolbert",9.97,0.056,-0.01125,72
"1517","Rodney Buford",9.97,0.032,-0.031695652173913,63
"1518","Joe Kleine",9.96,0.058,-0.0184258416742493,161
"1519","Chuck Williams",9.95,0.033,-0.0279310344827586,73
"1520","Mitchell Butler",9.91,0.026,-0.014171270718232,76
"1521","John Hummer",9.88,0.036,-0.00213157894736842,147
"1522","Em Bryant",9.87,0.036,0,207
"1523","Kelly Oubre",9.86,0.065,-0.00484304932735426,160
"1524","Jacque Vaughn",9.86,0.058,-0.0247036082474227,244
"1525","Matthew Dellavedova",9.85,0.063,-0.0172340425531915,152
"1526","Jeff Wilkins",9.84,0.039,-0.0306238185255199,323
"1527","Milt Palacio",9.84,0.025,-0.030556586270872,160
"1528","Jon Koncak",9.83,0.085,0.0282397959183673,475
"1529","Travis Knight",9.83,0.082,0.00509433962264151,74
"1530","Ed Conlin",9.81,0.014,0,70
"1531","Ed Nealy",9.8,0.105,0.0121153846153846,82
"1532","Dillon Brooks",9.8,0.025,-0.0230487804878049,82
"1533","Jason Kapono",9.79,0.055,-0.0116699410609037,228
"1534","Matt Carroll",9.78,0.062,-0.0106981132075472,152
"1535","Donte Greene",9.73,0.018,-0.0213438735177866,76
"1536","Bob McCann",9.73,0.042,-0.0106179775280899,79
"1537","Andre Roberson",9.72,0.092,0.0393559322033898,149
"1538","Joe Harris",9.72,0.066,0.00725806451612904,78
"1539","Harvey Catchings",9.72,0.076,0.0227877237851662,306
"1540","Slater Martin",9.7,0.06,0,64
"1541","Carl Herrera",9.69,0.05,-0.0158823529411765,156
"1542","Bill Hewitt",9.68,0.027,-0.000633802816901409,62
"1543","Justise Winslow",9.66,0.053,0.018109756097561,146
"1544","Tony Brown",9.66,0.043,-0.00220408163265306,159
"1545","Bob Carrington",9.66,0.038,-0.014025974025974,72
"1546","Rodney McGruder",9.64,0.078,0.0253125,78
"1547","Charles Jones",9.63,0.079,0.0308053691275168,319
"1548","Keith Bogans",9.62,0.069,0.0180445544554455,380
"1549","Melvin Ely",9.62,0.027,-0.0186666666666667,79
"1550","DeSagana Diop",9.61,0.077,0.0200264900662252,81
"1551","Tal Skinner",9.6,0.058,-0.00931034482758621,73
"1552","Mike Brown",9.59,0.069,-0.00646964856230032,246
"1553","Reggie Bullock",9.58,0.088,0.00991836734693878,62
"1554","David Wingate",9.57,0.043,-0.0072972972972973,236
"1555","Eric Washington",9.56,0,-0.0259615384615385,66
"1556","Doug Overton",9.55,0.01,-0.0361487603305785,82
"1557","Dickey Simpkins",9.51,0.046,-0.0169209809264305,69
"1558","Corky Calhoun",9.47,0.06,-0.00264705882352941,235
"1559","Solomon Hill",9.45,0.068,0.0237931034482759,162
"1560","Armond Hill",9.43,0.04,-0.011114922813036,399
"1561","Elston Turner",9.42,0.045,0.00481188118811881,158
"1562","Al Bianchi",9.37,0.023,0,80
"1563","Gene Wiley",9.36,0.062,0,158
"1564","Francisco Elson",9.35,0.071,-0.000987202925045704,72
"1565","Hollis Thompson",9.35,0.048,-0.0123934426229508,225
"1566","Jan van Breda Kolff",9.34,0.071,0.0205299539170507,234
"1567","Walter McCarty",9.34,0.063,0.00771428571428572,241
"1568","Art Harris",9.34,-0.023,0,161
"1569","Norris Cole",9.33,0.021,-0.0273103448275862,237
"1570","Quincy Pondexter",9.32,0.081,0.0121750663129973,75
"1571","Slick Leonard",9.32,0.006,0,143
"1572","Walter Bond",9.32,0.018,-0.0107386363636364,74
"1573","Matt Guokas",9.3,0.075,-0.0111428571428571,616
"1574","Cedric Henderson",9.29,0.026,-0.00782608695652174,132
"1575","Johnny High",9.27,0.05,0.0118248175182482,81
"1576","Garrett Temple",9.26,0.048,0.00771428571428572,210
"1577","Jared Jeffries",9.24,0.048,0.018582995951417,306
"1578","Bob Hansen",9.22,0.066,0.00713841368584759,244
"1579","Ira Newble",9.22,0.058,-0.00251748251748252,147
"1580","Ben McLemore",9.2,0.025,-0.0116045845272206,164
"1581","Justin Jackson",9.2,0.032,-0.0238235294117647,68
"1582","Brandon Rush",9.16,0.051,0.00449064449064449,289
"1583","Keith Askins",9.11,0.087,0.0266666666666667,153
"1584","J.R. Bremer",9.11,0.04,-0.0158823529411765,64
"1585","Si Green",9.11,0.036,0,295
"1586","Danny Vranes",9.1,0.069,0.0232941176470588,318
"1587","Manute Bol",9.09,0.049,0.0169278996865204,324
"1588","Al Ferrari",9.07,0.056,0,150
"1589","Casey Jacobsen",9.07,0.06,-0.00363881401617251,162
"1590","Ralph Davis",9.07,0.006,0,77
"1591","Mark Macon",9.07,-0.003,-0.0165870307167236,76
"1592","Kim Hughes",8.99,0.053,0.0239847715736041,81
"1593","Larry Foust",8.98,0.069,0,72
"1594","Calvin Garrett",8.97,0.041,-0.00162650602409639,70
"1595","Jeffery Taylor",8.97,0.024,-0.0245454545454545,77
"1596","Mark Acres",8.89,0.074,-0.00137404580152672,80
"1597","DeShawn Stevenson",8.88,0.03,-0.0167355371900826,380
"1598","Dick Gibbs",8.85,0.019,-0.0135,71
"1599","Tim Bassett",8.81,0.035,-0.00765182186234818,158
"1600","Kyle Singler",8.79,0.061,0.00619266055045872,244
"1601","Dahntay Jones",8.7,0.046,-0.0188461538461538,154
"1602","Kareem Rush",8.7,0.012,-0.0232994923857868,71
"1603","Earl Lloyd",8.7,0.012,0,68
"1604","Tony Snell",8.62,0.059,0,155
"1605","Nik Stauskas",8.62,0.024,-0.0166558441558442,153
"1606","Duck Williams",8.6,-0.008,-0.0385714285714286,77
"1607","Chuck Noble",8.57,-0.013,0,133
"1608","Anthony Avent",8.55,0.005,-0.0367605633802817,153
"1609","Paul Mokeski",8.52,0.065,-0.00615107913669065,159
"1610","Daequan Cook",8.51,0.035,-0.0214854111405836,75
"1611","Jeff Turner",8.47,0.038,-0.0176470588235294,214
"1612","Elmore Spencer",8.4,-0.002,-0.0248275862068966,76
"1613","Isaiah Whitehead",8.3,-0.024,-0.0424719101123596,73
"1614","Stanley Johnson",8.27,0.027,0,142
"1615","Ben McDonald",8.27,0.033,-0.0122727272727273,81
"1616","Michael Stewart",8.2,0.067,-0.00260450160771704,81
"1617","Bryn Forbes",8.11,0.059,-0.0162931034482759,80
"1618","Larry Demic",8.11,0.021,-0.0275242718446602,82
"1619","Dominic McGuire",8.08,0.033,0.00128878281622912,79
"1620","Jarron Collins",8.07,0.086,0.000947368421052632,160
"1621","Gary Phillips",8.02,0.016,0,214
"1622","Darius Miller",7.99,0.059,0.00440217391304348,82
"1623","Marc Iavaroni",7.95,0.044,-0.0024251497005988,158
"1624","Bruce Bowen",7.9,0.085,0.0432802547770701,712
"1625","John Amaechi",7.83,0.004,-0.0459183673469388,162
"1626","Joe Wolf",7.83,0.023,-0.0230633284241532,74
"1627","Sasha Pavlovic",7.81,0.037,-0.0139966555183947,67
"1628","Eric Montross",7.8,0.044,-0.0184186046511628,156
"1629","Dante Exum",7.79,0.026,-0.015,82
"1630","Trenton Hassell",7.71,0.039,-0.00725601131541726,476
"1631","Dorian Finney-Smith",7.68,0.034,0.00264705882352941,81
"1632","Michael Curry",7.51,0.067,-0.00984572230014025,324
"1633","Johnny McCarthy",7.38,0.014,0,154
"1634","Scott Lloyd",7.36,0.018,-0.016284046692607,72
"1635","Antoine Wright",7.32,0.026,-0.0137677053824363,65
"1636","Junior Harrington",7.19,-0.014,-0.0385714285714286,82
"1637","Frank Ntilikina",7,-0.025,-0.0276923076923077,78
"1638","Quinton Ross",6.92,0.04,-0.00952941176470588,302
"1639","Adam Morrison",6.67,-0.017,-0.0456338028169014,78
"1640","Kenny McIntosh",6.59,-0.031,-0.0148728813559322,69
"1641","Dragan Bender",6.48,-0.004,-0.01512,82
"1642","Woody Sauldsberry",6.28,-0.048,0,265
"1643","Jason Collins",5.96,0.06,-0.00223140495867769,390
"1644","Greg Kite",5.93,0.023,-0.0129361179361179,153
