"","Player","PER","WS.48","WS.G","WAR.G","G","PER_z","WS.48_z","WS.G_z","WAR.G_z","z_composite"
"1","Michael Jordan",28.61,0.255,0.2218,0.345418994413408,179,4.14,3.68,5.03,5.84,4.58
"2","LeBron James",28.38,0.2446,0.214,0.371106382978723,235,4.08,3.45,4.8,6.33,4.44
"3","Anthony Davis",26.77,0.1902,0.1615,0.166153846153846,13,3.65,2.28,3.3,2.4,3.47
"4","Hakeem Olajuwon",25.42,0.1879,0.1552,0.24951724137931,140,3.29,2.23,3.12,4,3.21
"5","Shaquille O'Neal",25.42,0.1849,0.1444,0.18625,214,3.29,2.17,2.81,2.79,3.05
"6","Chris Paul",25.33,0.2059,0.1604,0.258131868131868,91,3.27,2.62,3.27,4.17,3.27
"7","Kevin Durant",24.07,0.1943,0.1642,0.201951219512195,123,2.93,2.37,3.37,3.09,3.15
"8","Tim Duncan",23.91,0.1942,0.151,0.201155378486056,251,2.89,2.37,3,3.07,2.95
"9","Charles Barkley",23.9,0.194,0.1593,0.248048780487805,119,2.89,2.36,3.23,3.97,3.06
"10","Dirk Nowitzki",23.74,0.1881,0.1593,0.165724137931034,145,2.84,2.24,3.23,2.39,3.04
"11","Russell Westbrook",23.66,0.1417,0.1118,0.229354838709677,91,2.82,1.24,1.87,3.61,2.34
"12","Stephen Curry",23.3,0.1978,0.1547,0.241744186046512,86,2.73,2.44,3.1,3.85,2.92
"13","Brook Lopez",23.26,0.1835,0.1462,0.124615384615385,13,2.72,2.14,2.86,1.61,2.79
"14","Magic Johnson",23,0.2082,0.1721,0.252947368421053,190,2.65,2.67,3.6,4.07,3.12
"15","Jerry West",22.9,0.2028,0.1745,-0.00176470588235294,151,2.62,2.55,3.67,-0.82,3.15
"16","Wilt Chamberlain",22.7,0.2007,0.1975,0,160,2.57,2.51,4.33,-0.78,3.45
"17","David Robinson",22.55,0.199,0.1423,0.190975609756098,119,2.53,2.47,2.75,2.88,2.64
"18","Kyrie Irving",22.45,0.1878,0.1423,0.135,52,2.5,2.23,2.75,1.81,2.62
"19","Kareem Abdul-Jabbar",22.26,0.1941,0.1511,0.150379746835443,237,2.45,2.36,3,2.1,2.73
"20","Dwyane Wade",22.11,0.1548,0.122,0.172372881355932,177,2.41,1.52,2.16,2.52,2.29
"21","Dwight Howard",22.05,0.1666,0.1284,0.139263157894737,95,2.4,1.77,2.35,1.89,2.38
"22","Bob Pettit",21.95,0.1604,0.1358,0,49,2.37,1.64,2.56,-0.78,2.46
"23","Kobe Bryant",21.89,0.1572,0.1286,0.171818181818182,220,2.35,1.57,2.35,2.51,2.35
"24","Yao Ming",21.8,0.1555,0.1143,0.0482142857142857,28,2.33,1.53,1.94,0.14,2.13
"25","James Harden",21.74,0.167,0.121,0.192857142857143,105,2.31,1.78,2.13,2.91,2.22
"26","Clint Capela",21.62,0.2164,0.088,0.0864,28,2.28,2.85,1.19,0.87,1.73
"27","Elgin Baylor",21.56,0.1376,0.1174,0,120,2.27,1.15,2.03,-0.78,2.15
"28","JaVale McGee",21.46,0.1717,0.05,0.03375,22,2.24,1.88,0.09,-0.14,1.17
"29","Larry Bird",21.32,0.1729,0.1512,0.255182926829268,164,2.2,1.91,3,4.11,2.6
"30","Blake Griffin",21.22,0.1325,0.098,0.137647058823529,48,2.18,1.04,1.47,1.86,1.83
"31","Allen Iverson",21.19,0.1079,0.1014,0.159718309859155,71,2.17,0.51,1.57,2.28,1.87
"32","Moses Malone",21.17,0.1745,0.1468,0.129255319148936,87,2.16,1.94,2.87,1.7,2.52
"33","Kawhi Leonard",21.17,0.208,0.1448,0.201724137931034,87,2.16,2.66,2.82,3.08,2.49
"34","Karl Malone",21.03,0.1402,0.1197,0.156683937823834,193,2.13,1.2,2.1,2.22,2.12
"35","Jonas Valanciunas",21.03,0.14,0.0744,0.00627906976744186,43,2.13,1.2,0.8,-0.66,1.46
"36","Roy Tarpley",20.93,0.1429,0.1,0.09,24,2.1,1.26,1.53,0.94,1.82
"37","Corey Maggette",20.9,0.1808,0.0917,0.045,12,2.09,2.08,1.29,0.08,1.69
"38","Bernard King",20.79,0.1696,0.1179,0.144642857142857,23,2.06,1.84,2.04,1.99,2.05
"39","Oscar Robertson",20.76,0.1777,0.1581,0.0156976744186047,86,2.05,2.01,3.2,-0.48,2.62
"40","Kevin Garnett",20.76,0.1499,0.1154,0.166153846153846,143,2.05,1.41,1.97,2.4,2.01
"41","Baron Davis",20.53,0.1763,0.136,0.216,42,1.99,1.98,2.56,3.36,2.27
"42","Bob Lanier",20.37,0.1748,0.1284,0.173283582089552,67,1.95,1.95,2.35,2.54,2.15
"43","T.J. Ford",20.28,0.055,0.0278,0.045,16,1.93,-0.63,-0.54,0.08,0.7
"44","Giannis Antetokounmpo",20.23,0.1392,0.1105,0.156315789473684,19,1.91,1.18,1.83,2.21,1.87
"45","Rudy Gobert",20.23,0.1831,0.12,0.1485,20,1.91,2.13,2.1,2.06,2
"46","Tracy McGrady",20.21,0.1253,0.09,0.189,38,1.91,0.88,1.24,2.84,1.57
"47","Patrick Ewing",20.19,0.1309,0.1007,0.10531914893617,135,1.9,1,1.55,1.24,1.73
"48","George Gervin",20.08,0.1417,0.1102,0.100677966101695,55,1.87,1.24,1.82,1.15,1.85
"49","Alex English",19.97,0.1286,0.0956,0.0952941176470588,62,1.84,0.95,1.4,1.04,1.62
"50","Amar'e Stoudemire",19.96,0.1521,0.0974,0.0588461538461538,60,1.84,1.46,1.46,0.35,1.65
"51","Julius Erving",19.86,0.1498,0.117,0.181914893617021,141,1.81,1.41,2.02,2.7,1.92
"52","John Wall",19.86,0.1138,0.0919,0.138648648648649,37,1.81,0.63,1.3,1.88,1.56
"53","Pau Gasol",19.83,0.1552,0.1147,0.152867647058824,131,1.81,1.53,1.95,2.15,1.88
"54","Tom Burleson",19.82,0.1594,0.1267,0.09,15,1.8,1.62,2.3,0.94,2.05
"55","Walt Frazier",19.78,0.1919,0.1699,0.0435483870967742,93,1.79,2.32,3.54,0.05,2.66
"56","Anfernee Hardaway",19.76,0.14,0.1203,0.18984375,64,1.79,1.2,2.11,2.86,1.95
"57","Isiah Thomas",19.74,0.1435,0.1135,0.218918918918919,111,1.78,1.27,1.92,3.41,1.85
"58","Gus Williams",19.58,0.1493,0.101,0.125454545454545,97,1.74,1.4,1.56,1.62,1.65
"59","Clyde Drexler",19.56,0.1344,0.1076,0.206689655172414,140,1.74,1.08,1.75,3.18,1.75
"60","John Stockton",19.56,0.1613,0.1181,0.143901098901099,178,1.74,1.66,2.05,1.98,1.9
"61","Al Jefferson",19.56,0.1132,0.0619,0.0514285714285714,21,1.74,0.62,0.44,0.2,1.09
"62","LaMarcus Aldridge",19.45,0.095,0.0738,0.0332307692307692,65,1.71,0.23,0.78,-0.15,1.25
"63","Rick Barry",19.44,0.1463,0.1122,0.116756756756757,66,1.7,1.33,1.88,1.46,1.79
"64","Dan Issel",19.44,0.1411,0.0887,0.0713207547169811,53,1.7,1.22,1.21,0.58,1.46
"65","Bill Russell",19.31,0.1778,0.1711,0,135,1.67,2.01,3.57,-0.78,2.62
"66","Todd MacCulloch",19.28,0.13,0.0326,0.0188372093023256,20,1.66,0.98,-0.41,-0.42,0.62
"67","Marques Johnson",19.26,0.1523,0.1241,0.15,54,1.66,1.46,2.22,2.09,1.94
"68","Reggie Miller",19.25,0.18,0.1382,0.1575,143,1.65,2.06,2.63,2.24,2.14
"69","Kevin McHale",19.24,0.173,0.1219,0.119822485207101,169,1.65,1.91,2.16,1.51,1.9
"70","Shawn Kemp",19.16,0.1553,0.108,0.128863636363636,78,1.63,1.53,1.76,1.69,1.69
"71","Elvin Hayes",19.05,0.135,0.1219,0.1209375,94,1.6,1.09,2.16,1.54,1.88
"72","Derrick Coleman",19.04,0.1581,0.1231,0.173076923076923,34,1.6,1.59,2.19,2.54,1.9
"73","Steve Nash",18.96,0.1332,0.0992,0.11025,110,1.58,1.05,1.51,1.33,1.54
"74","Carmelo Anthony",18.95,0.1004,0.0806,0.075,72,1.57,0.35,0.97,0.65,1.27
"75","Cliff Hagan",18.91,0.1292,0.0841,0,63,1.56,0.97,1.07,-0.78,1.31
"76","Manu Ginobili",18.9,0.1651,0.0959,0.136238532110092,218,1.56,1.74,1.41,1.83,1.48
"77","Eric Bledsoe",18.89,0.1033,0.0458,0.05625,18,1.56,0.41,-0.03,0.3,0.76
"78","Marc Gasol",18.86,0.1454,0.1203,0.178474576271186,59,1.55,1.32,2.11,2.64,1.83
"79","Chris Andersen",18.85,0.1882,0.0671,0.0554794520547945,59,1.55,2.24,0.59,0.28,1.07
"80","Enes Kanter",18.83,0.1752,0.0556,0.01,18,1.54,1.96,0.26,-0.59,0.9
"81","Chris Webber",18.74,0.0894,0.0675,0.118125,80,1.52,0.11,0.6,1.48,1.06
"82","Kemba Walker",18.71,0.0465,0.0364,0.0981818181818182,11,1.51,-0.82,-0.3,1.1,0.6
"83","Alonzo Mourning",18.7,0.1386,0.0789,0.0738947368421053,85,1.51,1.17,0.92,0.63,1.22
"84","Arvydas Sabonis",18.7,0.1243,0.0745,0.0952941176470588,45,1.51,0.86,0.8,1.04,1.16
"85","Dominique Wilkins",18.65,0.0751,0.0607,0.0771428571428572,55,1.49,-0.2,0.4,0.7,0.94
"86","Derrick Rose",18.65,0.0915,0.0739,0.123260869565217,45,1.49,0.15,0.78,1.58,1.14
"87","Brad Daugherty",18.64,0.153,0.1244,0.131707317073171,41,1.49,1.48,2.23,1.74,1.86
"88","Chauncey Billups",18.53,0.1858,0.1411,0.155342465753425,142,1.46,2.19,2.71,2.2,2.08
"89","Adrian Dantley",18.51,0.1737,0.1247,0.122054794520548,70,1.46,1.93,2.24,1.56,1.85
"90","Larry Nance",18.46,0.1512,0.1,0.128571428571429,84,1.44,1.44,1.53,1.68,1.48
"91","Chris Bosh",18.38,0.1441,0.1056,0.0758426966292135,89,1.42,1.29,1.69,0.67,1.55
"92","Kevin Johnson",18.35,0.1163,0.0895,0.09,105,1.41,0.69,1.23,0.94,1.32
"93","James Worthy",18.3,0.1341,0.1035,0.128391608391608,143,1.4,1.07,1.63,1.68,1.51
"94","Walter Davis",18.29,0.1231,0.0718,0.0726923076923077,57,1.4,0.83,0.72,0.61,1.06
"95","Spud Webb",18.2,0.1192,0.0462,0.0415384615384615,34,1.37,0.75,-0.01,0.01,0.68
"96","Reggie Lewis",18.15,0.1239,0.0786,0.109285714285714,29,1.36,0.85,0.92,1.31,1.14
"97","Scottie Pippen",18.12,0.1392,0.113,0.208990384615385,201,1.35,1.18,1.9,3.22,1.62
"98","Paul Millsap",18.12,0.1206,0.0724,0.0962068965517242,87,1.35,0.78,0.74,1.06,1.04
"99","Fred Brown",18.05,0.1238,0.059,0.0357831325301205,76,1.33,0.85,0.35,-0.1,0.84
"100","Al Horford",18.04,0.1347,0.0973,0.126486486486486,111,1.33,1.08,1.45,1.64,1.39
"101","Rajon Rondo",18.02,0.1266,0.099,0.172285714285714,101,1.33,0.91,1.5,2.52,1.42
"102","Jrue Holiday",17.97,0.1283,0.0967,0.162,27,1.31,0.95,1.44,2.32,1.38
"103","Isaiah Thomas",17.9,0.0781,0.056,0.0648,25,1.29,-0.13,0.27,0.46,0.78
"104","Bob McAdoo",17.89,0.1097,0.066,0.0315957446808511,89,1.29,0.55,0.55,-0.18,0.92
"105","Jason Richardson",17.89,0.1407,0.1,0.131351351351351,37,1.29,1.21,1.53,1.74,1.41
"106","Mike Conley",17.83,0.1147,0.0893,0.139821428571429,56,1.28,0.65,1.22,1.9,1.25
"107","Rik Smits",17.82,0.1293,0.0712,0.0571153846153846,93,1.27,0.97,0.7,0.31,0.98
"108","Brandon Roy",17.78,0.0941,0.06,0.072,12,1.26,0.21,0.38,0.6,0.82
"109","Michael Redd",17.71,0.057,0.0375,0.03375,16,1.24,-0.59,-0.26,-0.14,0.49
"110","Paul George",17.71,0.1338,0.1085,0.174929577464789,71,1.24,1.07,1.77,2.57,1.5
"111","Tom Boerwinkle",17.7,0.1162,0.0543,0.0617142857142857,25,1.24,0.69,0.22,0.4,0.73
"112","Jeff Ruland",17.65,0.12,0.0941,0.158823529411765,15,1.23,0.77,1.36,2.26,1.29
"113","Paul Arizin",17.64,0.1458,0.1208,0,24,1.23,1.32,2.13,-0.78,1.68
"114","Sarunas Marciulionis",17.64,0.12,0.0647,0.0794117647058824,17,1.23,0.77,0.52,0.74,0.88
"115","Damian Lillard",17.62,0.0847,0.0714,0.115714285714286,35,1.22,0.01,0.71,1.44,0.96
"116","Bradley Beal",17.57,0.1262,0.105,0.135,40,1.21,0.9,1.67,1.81,1.44
"117","Mark Aguirre",17.51,0.1087,0.0657,0.0741176470588235,102,1.19,0.52,0.55,0.64,0.87
"118","Carl Landry",17.5,0.1252,0.0568,0.0145945945945946,37,1.19,0.88,0.29,-0.5,0.74
"119","Tom Heinsohn",17.48,0.1358,0.0847,0,72,1.18,1.11,1.09,-0.78,1.14
"120","Larry Spriggs",17.44,0.1131,0.0233,0.009,16,1.17,0.62,-0.67,-0.61,0.25
"121","Andray Blatche",17.44,0.1245,0.0407,0.01,19,1.17,0.87,-0.17,-0.59,0.5
"122","Kevin Love",17.44,0.1394,0.0898,0.0640677966101695,59,1.17,1.19,1.24,0.45,1.21
"123","Vin Baker",17.38,0.0577,0.0375,0.05625,20,1.16,-0.57,-0.26,0.3,0.45
"124","Grant Hill",17.28,0.1052,0.0692,0.138461538461538,33,1.13,0.45,0.65,1.87,0.89
"125","Sam Jones",17.26,0.1543,0.1044,0,135,1.13,1.51,1.66,-0.78,1.4
"126","Billy Cunningham",17.24,0.0868,0.0564,0,32,1.12,0.05,0.28,-0.78,0.7
"127","Bill Sharman",17.22,0.192,0.1087,0,23,1.11,2.32,1.78,-0.78,1.45
"128","Cedric Ceballos",17.2,0.0831,0.0356,0.0320338983050847,53,1.11,-0.03,-0.32,-0.17,0.4
"129","John Havlicek",17.16,0.1343,0.1116,0.0392441860465116,172,1.1,1.08,1.86,-0.03,1.48
"130","Vince Carter",17.16,0.1171,0.0841,0.128863636363636,84,1.1,0.71,1.07,1.69,1.08
"131","Roy Hibbert",17.1,0.1377,0.0907,0.09,54,1.08,1.15,1.26,0.94,1.17
"132","Johnny Moore",17.09,0.155,0.0854,0.0921951219512195,32,1.08,1.52,1.11,0.98,1.1
"133","Bob Gross",17.08,0.1867,0.108,0.162,19,1.08,2.21,1.76,2.32,1.42
"134","Gail Goodrich",17.07,0.1263,0.0863,0.003375,67,1.07,0.9,1.14,-0.72,1.1
"135","Mark Price",17.07,0.1022,0.0766,0.0804255319148936,47,1.07,0.38,0.86,0.76,0.97
"136","Gordon Hayward",17.07,0.0989,0.0733,0.108,15,1.07,0.31,0.76,1.29,0.92
"137","Alvan Adams",17.06,0.0986,0.0603,0.107307692307692,70,1.07,0.31,0.39,1.27,0.73
"138","Carlos Boozer",17.06,0.093,0.0687,0.0520481927710843,83,1.07,0.19,0.63,0.21,0.85
"139","Dennis Schroder",17.05,0.0893,0.0382,0.0238235294117647,32,1.07,0.11,-0.24,-0.33,0.42
"140","Robin Lopez",17.02,0.1344,0.075,0.0675,28,1.06,1.08,0.81,0.51,0.94
"141","Derrick Favors",17.02,0.1378,0.0692,0.0726923076923077,26,1.06,1.15,0.65,0.61,0.86
"142","David West",17.01,0.1188,0.0675,0.0639473684210526,114,1.06,0.74,0.6,0.44,0.83
"143","Kenneth Faried",17,0.1282,0.075,0.0225,12,1.06,0.94,0.81,-0.35,0.94
"144","Al-Farouq Aminu",17,0.1128,0.075,0.1125,24,1.06,0.61,0.81,1.37,0.94
"145","Ralph Sampson",16.93,0.1138,0.0816,0.0923684210526316,35,1.04,0.63,1,0.99,1.02
"146","Mike Newlin",16.92,0.1056,0.0682,0.0981818181818182,20,1.03,0.46,0.62,1.1,0.82
"147","Bob Dandridge",16.91,0.1372,0.1133,0.0826530612244898,98,1.03,1.14,1.91,0.8,1.47
"148","Donovan Mitchell",16.9,0.0584,0.0455,0.0736363636363636,11,1.03,-0.56,-0.03,0.63,0.5
"149","Draymond Green",16.89,0.1614,0.1165,0.205979381443299,97,1.03,1.66,2,3.17,1.52
"150","Walt Bellamy",16.82,0.1139,0.1,0,46,1.01,0.64,1.53,-0.78,1.27
"151","Rod Strickland",16.82,0.0812,0.0519,0.0726923076923077,42,1.01,-0.07,0.15,0.61,0.58
"152","Randy Smith",16.78,0.0998,0.0792,0.135,22,1,0.33,0.93,1.81,0.97
"153","Ed Pinckney",16.76,0.1457,0.0567,0.063,21,0.99,1.32,0.29,0.42,0.64
"154","Flynn Robinson",16.75,0.0307,0.0148,0,15,0.99,-1.16,-0.92,-0.78,0.03
"155","Calvin Murphy",16.75,0.1012,0.0686,0.0529411764705882,46,0.99,0.36,0.63,0.23,0.81
"156","Jamario Moon",16.75,0.1494,0.0421,0.0568421052631579,16,0.99,1.4,-0.13,0.31,0.43
"157","Vlade Divac",16.74,0.1094,0.0702,0.113801652892562,121,0.99,0.54,0.67,1.4,0.83
"158","DeAndre Jordan",16.72,0.1376,0.0895,0.0994736842105263,57,0.98,1.15,1.23,1.12,1.1
"159","Bill Walton",16.71,0.1524,0.0776,0.121224489795918,35,0.98,1.47,0.89,1.54,0.94
"160","Dolph Schayes",16.69,0.098,0.0619,0,16,0.97,0.29,0.44,-0.78,0.7
"161","Latrell Sprewell",16.67,0.0754,0.0645,0.082741935483871,62,0.97,-0.19,0.51,0.8,0.74
"162","Doug Collins",16.66,0.1498,0.1188,0.10125,32,0.97,1.41,2.07,1.16,1.52
"163","Darren Collison",16.66,0.1179,0.0556,0.045,36,0.97,0.72,0.26,0.08,0.62
"164","Terry Cummings",16.64,0.1136,0.0636,0.0613636363636364,91,0.96,0.63,0.49,0.39,0.72
"165","Dikembe Mutombo",16.64,0.1555,0.1,0.106930693069307,86,0.96,1.53,1.53,1.27,1.25
"166","Josh Smith",16.63,0.0583,0.0384,0.0924657534246575,69,0.96,-0.56,-0.24,0.99,0.36
"167","David Thompson",16.6,0.084,0.063,0.04,22,0.95,-0.01,0.47,-0.02,0.71
"168","Jason Kidd",16.6,0.1127,0.0905,0.18626582278481,158,0.95,0.61,1.26,2.79,1.1
"169","Cliff Robinson",16.57,0.0831,0.0471,0.0476470588235294,14,0.94,-0.03,0.01,0.13,0.48
"170","Tony Parker",16.56,0.0835,0.0597,0.0442035398230088,221,0.94,-0.02,0.37,0.06,0.66
"171","Deron Williams",16.55,0.1151,0.08,0.099,87,0.94,0.66,0.96,1.11,0.95
"172","Shelvin Mack",16.55,0.0975,0.0267,0.036,16,0.94,0.28,-0.57,-0.09,0.18
"173","Glenn Robinson",16.53,0.0632,0.0312,0.016875,26,0.93,-0.46,-0.45,-0.46,0.24
"174","Dave Cowens",16.52,0.1197,0.1056,0.118314606741573,89,0.93,0.76,1.69,1.49,1.31
"175","Robert Parish",16.52,0.1197,0.0837,0.0777717391304348,178,0.93,0.76,1.06,0.71,1
"176","Maurice Cheeks",16.52,0.1317,0.1,0.127894736842105,128,0.93,1.02,1.53,1.67,1.23
"177","Nate Robinson",16.52,0.0706,0.025,0.0421875,12,0.93,-0.3,-0.62,0.03,0.16
"178","Chet Walker",16.51,0.1315,0.0962,0.0257142857142857,101,0.93,1.02,1.42,-0.29,1.18
"179","Bobby Jones",16.51,0.1567,0.0896,0.11664,125,0.93,1.56,1.23,1.45,1.08
"180","Charlie Ward",16.51,0.1317,0.0597,0.105,55,0.93,1.02,0.37,1.23,0.65
"181","Jerome James",16.49,0.1041,0.0471,0.0317647058823529,11,0.92,0.43,0.01,-0.17,0.46
"182","Toni Kukoc",16.46,0.1387,0.0778,0.103636363636364,96,0.91,1.17,0.89,1.2,0.9
"183","Zach Randolph",16.46,0.0862,0.0629,0.0462857142857143,69,0.91,0.04,0.47,0.1,0.69
"184","Joakim Noah",16.45,0.1302,0.095,0.144,57,0.91,0.99,1.39,1.98,1.15
"185","Campy Russell",16.44,0.1111,0.07,0.0675,13,0.91,0.58,0.67,0.51,0.79
"186","Willis Reed",16.43,0.1454,0.1026,-0.00692307692307692,78,0.9,1.32,1.61,-0.92,1.26
"187","Jeff Hornacek",16.43,0.145,0.1029,0.136928571428571,140,0.9,1.31,1.61,1.84,1.26
"188","Jameer Nelson",16.43,0.1444,0.0977,0.122727272727273,39,0.9,1.29,1.46,1.57,1.18
"189","Andrew Bynum",16.4,0.1395,0.0703,0.0364864864864865,68,0.9,1.19,0.68,-0.08,0.79
"190","Paul Pierce",16.38,0.1256,0.0959,0.133411764705882,165,0.89,0.89,1.41,1.77,1.15
"191","Khris Middleton",16.38,0.1106,0.0895,0.0852631578947368,19,0.89,0.57,1.23,0.85,1.06
"192","Darnell Valentine",16.37,0.1086,0.0615,0.0415384615384615,21,0.89,0.52,0.42,0.01,0.66
"193","Channing Frye",16.36,0.1503,0.0551,0.0716326530612245,45,0.89,1.42,0.24,0.59,0.56
"194","Antawn Jamison",16.34,0.0897,0.0652,0.0410869565217391,42,0.88,0.12,0.53,0,0.7
"195","Jason Maxiell",16.34,0.157,0.0543,0.0694285714285714,31,0.88,1.57,0.22,0.55,0.55
"196","Lamar Odom",16.32,0.116,0.0806,0.1075,108,0.88,0.68,0.97,1.28,0.92
"197","Kyle Anderson",16.3,0.133,0.0367,0.054,25,0.87,1.05,-0.29,0.25,0.29
"198","Jayson Tatum",16.3,0.1195,0.0895,0.0852631578947368,19,0.87,0.76,1.23,0.85,1.05
"199","Marcus Camby",16.23,0.1176,0.0696,0.0854430379746835,76,0.85,0.72,0.66,0.86,0.76
"200","Don Nelson",16.21,0.1675,0.0747,0.018,145,0.85,1.79,0.8,-0.44,0.82
"201","Terry Porter",16.21,0.1414,0.0935,0.100161290322581,106,0.85,1.23,1.34,1.14,1.09
"202","Mack Calvin",16.2,0.136,0.0389,0,18,0.84,1.11,-0.22,-0.78,0.31
"203","Jeff Foster",16.19,0.1774,0.0623,0.0713207547169811,29,0.84,2,0.45,0.58,0.64
"204","Lou Hudson",16.18,0.1091,0.082,-0.00442622950819672,52,0.84,0.53,1.01,-0.87,0.92
"205","Dan Roundfield",16.17,0.0957,0.0684,0.0994736842105263,36,0.84,0.24,0.62,1.12,0.73
"206","Richard Hamilton",16.15,0.1105,0.0892,0.0830769230769231,126,0.83,0.56,1.22,0.81,1.02
"207","Connie Hawkins",16.14,0.0864,0.075,0,12,0.83,0.04,0.81,-0.78,0.82
"208","Tim Thomas",16.14,0.1336,0.0782,0.0736363636363636,49,0.83,1.06,0.9,0.63,0.86
"209","Fat Lever",16.11,0.0899,0.0562,0.10125,38,0.82,0.12,0.27,1.16,0.54
"210","Brandon Bass",16.09,0.1432,0.0712,0.0411864406779661,47,0.81,1.27,0.7,0.01,0.76
"211","Mike Gminski",16.07,0.0838,0.0457,0.0308571428571429,27,0.81,-0.01,-0.03,-0.19,0.39
"212","Hersey Hawkins",16.07,0.1442,0.1027,0.145945945945946,65,0.81,1.29,1.61,2.02,1.21
"213","Mitch Richmond",16.04,0.0689,0.0522,0.0704347826086957,21,0.8,-0.33,0.16,0.57,0.48
"214","Earl Monroe",16.02,0.1078,0.0744,0,79,0.8,0.51,0.8,-0.78,0.8
"215","Pete Maravich",15.98,0.0635,0.0385,0,26,0.79,-0.45,-0.24,-0.78,0.28
"216","Johnny Green",15.94,0.1471,0.055,0,12,0.77,1.35,0.24,-0.78,0.5
"217","Danny Manning",15.92,0.1128,0.0651,0.0941860465116279,26,0.77,0.61,0.53,1.02,0.65
"218","Goran Dragic",15.92,0.0832,0.0429,0.0462857142857143,35,0.77,-0.02,-0.11,0.1,0.33
"219","Ray Allen",15.87,0.1425,0.1053,0.134210526315789,171,0.76,1.25,1.68,1.79,1.22
"220","Jerome Williams",15.87,0.1228,0.052,0.0648,21,0.76,0.83,0.15,0.46,0.46
"221","Serge Ibaka",15.85,0.124,0.0789,0.0842201834862385,109,0.75,0.85,0.92,0.83,0.84
"222","Calvin Natt",15.81,0.1021,0.0711,0.048,40,0.74,0.38,0.7,0.14,0.72
"223","Slick Watts",15.79,0.0184,0.0118,0.0794117647058824,15,0.74,-1.42,-1,0.74,-0.13
"224","Darrell Griffith",15.78,0.0416,0.0243,0.0218918918918919,26,0.73,-0.92,-0.64,-0.36,0.04
"225","DeMar DeRozan",15.77,0.0401,0.0314,-0.0158823529411765,51,0.73,-0.95,-0.44,-1.09,0.14
"226","Victor Oladipo",15.77,0.0869,0.0667,0.09,12,0.73,0.06,0.57,0.94,0.65
"227","Tiago Splitter",15.75,0.1658,0.0662,0.0789230769230769,62,0.72,1.75,0.56,0.73,0.64
"228","Earl Boykins",15.73,0.0581,0.0333,0.036,15,0.72,-0.57,-0.39,-0.09,0.16
"229","Josh Howard",15.73,0.0794,0.053,0.0613636363636364,57,0.72,-0.11,0.18,0.39,0.45
"230","Greivis Vasquez",15.73,0.0998,0.0375,0.0225,24,0.72,0.33,-0.26,-0.35,0.23
"231","Shawn Marion",15.64,0.1126,0.0826,0.116422018348624,103,0.7,0.61,1.03,1.45,0.86
"232","Doc Rivers",15.63,0.1264,0.0778,0.106666666666667,79,0.69,0.91,0.89,1.26,0.79
"233","Jack Twyman",15.61,0.0987,0.0656,0,26,0.69,0.31,0.54,-0.78,0.62
"234","Vinnie Johnson",15.6,0.0952,0.0457,0.0558620689655172,104,0.68,0.23,-0.03,0.29,0.32
"235","Bryant Stith",15.6,0.1349,0.0933,0.09,12,0.68,1.09,1.34,0.94,1.01
"236","Dave Bing",15.59,0.0697,0.0452,0.0348387096774194,23,0.68,-0.32,-0.04,-0.12,0.32
"237","Darryl Dawkins",15.56,0.1229,0.0642,0.0421100917431193,103,0.67,0.83,0.5,0.02,0.58
"238","Kiki Vandeweghe",15.54,0.1092,0.0632,0.0397058823529412,52,0.67,0.54,0.47,-0.02,0.57
"239","Andrew Bogut",15.54,0.1288,0.0603,0.0977586206896552,58,0.67,0.96,0.39,1.09,0.53
"240","Tyrus Thomas",15.54,0.0623,0.0238,0.0385714285714286,17,0.67,-0.47,-0.66,-0.04,0.01
"241","Horace Grant",15.51,0.1548,0.1171,0.146117647058824,170,0.66,1.52,2.02,2.02,1.34
"242","Ty Lawson",15.5,0.1235,0.0667,0.0675,24,0.66,0.84,0.57,0.51,0.62
"243","Jerome Kersey",15.49,0.1245,0.0698,0.0878571428571429,98,0.66,0.87,0.66,0.9,0.66
"244","Ben Wallace",15.49,0.1634,0.1185,0.174461538461538,130,0.66,1.7,2.06,2.56,1.36
"245","Jimmy Butler",15.49,0.1328,0.1047,0.131860465116279,40,0.66,1.04,1.67,1.74,1.17
"246","Bison Dele",15.46,0.1274,0.0538,0.0346153846153846,36,0.65,0.93,0.2,-0.12,0.43
"247","Elton Brand",15.44,0.1722,0.1025,0.1215,30,0.64,1.89,1.6,1.55,1.12
"248","Charlie Criss",15.42,0.1,0.036,0.0216,14,0.64,0.34,-0.31,-0.37,0.16
"249","Patrick McCaw",15.39,0.1806,0.0412,0.0476470588235294,15,0.63,2.07,-0.16,0.13,0.24
"250","Amir Johnson",15.37,0.1185,0.036,0.0216,31,0.62,0.74,-0.31,-0.37,0.16
"251","Kerry Kittles",15.34,0.1384,0.0926,0.115,54,0.62,1.16,1.32,1.42,0.97
"252","Fred Hoiberg",15.33,0.1506,0.0625,0.07875,18,0.61,1.43,0.45,0.73,0.53
"253","Norm Nixon",15.32,0.1028,0.0845,0.0558620689655172,55,0.61,0.4,1.09,0.29,0.85
"254","Andre Miller",15.32,0.0672,0.0397,0.0555882352941177,52,0.61,-0.37,-0.2,0.28,0.2
"255","Luol Deng",15.32,0.1187,0.0968,0.11758064516129,62,0.61,0.74,1.44,1.47,1.02
"256","Mark Jackson",15.31,0.1055,0.0634,0.0824427480916031,109,0.61,0.46,0.48,0.8,0.54
"257","Kyle Lowry",15.31,0.083,0.0581,0.100161290322581,62,0.61,-0.03,0.33,1.14,0.47
"258","Bismack Biyombo",15.29,0.1386,0.0696,0.0352173913043478,20,0.6,1.17,0.66,-0.11,0.63
"259","Bailey Howell",15.28,0.1234,0.0814,0,81,0.6,0.84,1,-0.78,0.8
"260","Jonathon Simmons",15.28,0.1012,0.0389,0.015,15,0.6,0.36,-0.22,-0.5,0.19
"261","Zelmo Beaty",15.27,0.133,0.1032,0,63,0.6,1.05,1.62,-0.78,1.11
"262","Sidney Moncrief",15.27,0.1175,0.0849,0.101612903225806,88,0.6,0.71,1.1,1.17,0.85
"263","Maurice Lucas",15.26,0.1148,0.0707,0.0724390243902439,73,0.59,0.66,0.69,0.61,0.64
"264","Larry Kenon",15.24,0.0605,0.0419,0.0348387096774194,26,0.59,-0.51,-0.14,-0.12,0.22
"265","John Lucas",15.23,0.0973,0.0511,0.066,29,0.59,0.28,0.13,0.48,0.36
"266","Jarrett Jack",15.22,0.0765,0.0458,0.05625,24,0.58,-0.17,-0.03,0.3,0.27
"267","Clifford Ray",15.21,0.1411,0.085,0.108,55,0.58,1.22,1.1,1.29,0.84
"268","Steve Mix",15.17,0.1465,0.0494,0.039438202247191,74,0.57,1.34,0.08,-0.03,0.32
"269","Chris Mullin",15.17,0.0887,0.0535,0.0722535211267606,62,0.57,0.09,0.2,0.6,0.38
"270","Zydrunas Ilgauskas",15.17,0.1266,0.07,0.0405,73,0.57,0.91,0.67,-0.01,0.62
"271","Richie Guerin",15.16,0.1287,0.085,0,35,0.57,0.96,1.1,-0.78,0.84
"272","Isaiah Rider",15.16,0.0574,0.0429,0.0514285714285714,21,0.57,-0.58,-0.11,0.2,0.23
"273","Austin Croshere",15.16,0.1126,0.0426,0.0238235294117647,46,0.57,0.61,-0.12,-0.33,0.22
"274","Tom Meschery",15.14,0.1308,0.0923,0,39,0.56,1,1.31,-0.78,0.94
"275","Jo Jo White",15.13,0.1022,0.0912,0.054,80,0.56,0.38,1.28,0.25,0.92
"276","Art Williams",15.12,0.0638,0.0179,0.0138461538461538,27,0.56,-0.44,-0.83,-0.52,-0.13
"277","Nate Thurmond",15.11,0.0918,0.0679,0.0266666666666667,80,0.55,0.16,0.61,-0.27,0.58
"278","Ron Harper",15.11,0.1328,0.0741,0.106071428571429,100,0.55,1.04,0.79,1.25,0.67
"279","Antonio Daniels",15.1,0.1318,0.0638,0.054,50,0.55,1.02,0.49,0.25,0.52
"280","John Drew",15.09,0.0718,0.0379,-0.0186206896551724,25,0.55,-0.27,-0.25,-1.14,0.15
"281","Rasheed Wallace",15.09,0.125,0.0859,0.108305084745763,177,0.55,0.88,1.13,1.29,0.84
"282","Antonio McDyess",15.09,0.1199,0.059,0.0432,100,0.55,0.77,0.35,0.05,0.45
"283","Mookie Blaylock",15.07,0.0555,0.0463,0.145,51,0.54,-0.62,-0.01,2,0.26
"284","Terrell Brandon",15.07,0.0964,0.05,0.0568421052631579,35,0.54,0.26,0.09,0.31,0.32
"285","Eddie Johnson",15.06,0.0848,0.0421,0.015,113,0.54,0.01,-0.13,-0.5,0.2
"286","Wes Unseld",15.02,0.1247,0.1067,0.117983193277311,117,0.53,0.87,1.72,1.48,1.12
"287","Cedric Maxwell",15.02,0.1705,0.0951,0.113823529411765,98,0.53,1.86,1.39,1.4,0.96
"288","Allan Houston",15.02,0.0874,0.073,0.0685714285714286,63,0.53,0.07,0.76,0.53,0.64
"289","Marcin Gortat",15.02,0.1476,0.064,0.0565116279069767,78,0.53,1.36,0.5,0.3,0.52
"290","Steve Smith",15,0.1274,0.0856,0.102,70,0.53,0.93,1.12,1.17,0.82
"291","Tristan Thompson",15,0.1612,0.1014,0.0839189189189189,74,0.53,1.66,1.57,0.83,1.05
"292","Reggie King",14.99,0.134,0.0957,0.0704347826086957,15,0.52,1.07,1.41,0.57,0.96
"293","Scott Burrell",14.99,0.1407,0.0348,0.0234782608695652,21,0.52,1.21,-0.34,-0.33,0.09
"294","Dave DeBusschere",14.98,0.0717,0.0573,0.0028125,96,0.52,-0.27,0.3,-0.73,0.41
"295","Derrek Dickey",14.96,0.1563,0.0519,0.01,27,0.51,1.55,0.15,-0.59,0.33
"296","Allan Bristow",14.96,0.0595,0.015,0.0135,13,0.51,-0.54,-0.91,-0.52,-0.2
"297","Bob Cousy",14.95,0.0718,0.05,0,50,0.51,-0.27,0.09,-0.78,0.3
"298","Bob Love",14.95,0.0815,0.0745,0,47,0.51,-0.06,0.8,-0.78,0.66
"299","Steve Hawes",14.95,0.1281,0.0594,0.0675,22,0.51,0.94,0.36,0.51,0.44
"300","Taj Gibson",14.93,0.1164,0.053,0.0245454545454545,66,0.51,0.69,0.18,-0.31,0.34
"301","Anthony Roberts",14.91,0.09,0.0562,0.03375,13,0.5,0.12,0.27,-0.14,0.38
"302","Mickey Johnson",14.9,0.1202,0.0636,0.0736363636363636,16,0.5,0.77,0.49,0.63,0.5
"303","Andrei Kirilenko",14.9,0.0998,0.0564,0.112909090909091,53,0.5,0.33,0.28,1.38,0.39
"304","Walter Dukes",14.88,0.1067,0.065,0,15,0.49,0.48,0.53,-0.78,0.51
"305","Ben Gordon",14.88,0.0963,0.0759,0.0651724137931035,29,0.49,0.26,0.84,0.47,0.66
"306","Greg Ballard",14.87,0.0991,0.0415,0.0498461538461539,59,0.49,0.32,-0.15,0.17,0.17
"307","Sam Cassell",14.85,0.0936,0.0507,0.0317647058823529,133,0.49,0.2,0.11,-0.17,0.3
"308","Hal Greer",14.83,0.0984,0.0831,0,79,0.48,0.3,1.05,-0.78,0.76
"309","Paul Westphal",14.81,0.1078,0.0514,0.0302803738317757,94,0.48,0.51,0.13,-0.2,0.3
"310","Blair Rasmussen",14.81,0.0759,0.0345,-0.00931034482758621,21,0.48,-0.18,-0.35,-0.96,0.06
"311","Terry Rozier",14.79,0.1299,0.0707,0.0790243902439025,36,0.47,0.98,0.69,0.73,0.58
"312","Kenny Smith",14.77,0.1151,0.0721,0.0555882352941177,68,0.46,0.66,0.73,0.28,0.6
"313","Matt Geiger",14.77,0.1446,0.0432,0.0291891891891892,16,0.46,1.3,-0.1,-0.22,0.18
"314","Bonzi Wells",14.75,0.048,0.0229,0.03375,42,0.46,-0.78,-0.68,-0.14,-0.11
"315","Ricky Pierce",14.74,0.0849,0.0485,0.0222680412371134,89,0.46,0.01,0.05,-0.36,0.26
"316","Lewis Lloyd",14.72,0.1007,0.064,0.0648,25,0.45,0.35,0.5,0.46,0.48
"317","Avery Johnson",14.72,0.1077,0.07,0.039,78,0.45,0.5,0.67,-0.04,0.56
"318","Kenny Thomas",14.69,0.1043,0.0652,0.058695652173913,23,0.44,0.43,0.53,0.34,0.48
"319","Nene Hilario",14.69,0.1117,0.0595,0.0642857142857143,70,0.44,0.59,0.37,0.45,0.4
"320","Cazzie Russell",14.67,0.1011,0.0458,0,63,0.44,0.36,-0.03,-0.78,0.2
"321","Jonathan Bender",14.64,0.0947,0.0176,0.00794117647058824,16,0.43,0.22,-0.84,-0.63,-0.2
"322","Charles Dudley",14.62,0.0947,0.0333,0.0525,23,0.42,0.22,-0.39,0.22,0.01
"323","Kenyon Martin",14.6,0.0976,0.0652,0.0747321428571429,110,0.42,0.29,0.53,0.65,0.48
"324","Mikki Moore",14.6,0.1515,0.064,0.054,12,0.42,1.45,0.5,0.25,0.46
"325","Jerry Lucas",14.56,0.0992,0.0681,-0.00375,72,0.41,0.32,0.61,-0.86,0.51
"326","Larry Wright",14.56,0.0993,0.0367,0.0220408163265306,47,0.41,0.32,-0.29,-0.36,0.06
"327","Patty Mills",14.54,0.1042,0.0337,0.042289156626506,61,0.4,0.43,-0.37,0.03,0.02
"328","Thaddeus Young",14.53,0.0812,0.0489,0.0631914893617021,47,0.4,-0.07,0.06,0.43,0.23
"329","Eddie Jones",14.52,0.1267,0.0901,0.126666666666667,75,0.4,0.91,1.25,1.65,0.82
"330","Mel Counts",14.5,0.1083,0.0388,0,64,0.39,0.52,-0.23,-0.78,0.08
"331","Brian Winters",14.5,0.0888,0.061,0.0526829268292683,41,0.39,0.1,0.41,0.23,0.4
"332","Austin Carr",14.47,0.0565,0.0278,0.015,13,0.38,-0.6,-0.54,-0.5,-0.08
"333","Jack Sikma",14.46,0.1066,0.0775,0.0661764705882353,97,0.38,0.48,0.88,0.49,0.63
"334","Lucius Allen",14.44,0.12,0.0674,0,38,0.38,0.77,0.59,-0.78,0.48
"335","Howard Porter",14.44,0.0507,0.0194,-0.0075,20,0.38,-0.72,-0.78,-0.93,-0.2
"336","Jeff Teague",14.44,0.0854,0.0521,0.041830985915493,62,0.38,0.02,0.15,0.02,0.26
"337","Billy Owens",14.43,0.0578,0.0455,0.0736363636363636,11,0.37,-0.57,-0.03,0.63,0.17
"338","Joe Dumars",14.42,0.1183,0.0902,0.0819642857142857,112,0.37,0.73,1.25,0.79,0.81
"339","George Johnson",14.41,0.1365,0.0416,0.0525974025974026,46,0.37,1.12,-0.15,0.23,0.11
"340","Cory Joseph",14.41,0.0953,0.0282,0.0173076923076923,37,0.37,0.24,-0.53,-0.45,-0.08
"341","James Silas",14.4,0.0644,0.037,0,21,0.37,-0.43,-0.28,-0.78,0.04
"342","Gary Payton",14.39,0.0963,0.0714,0.101688311688312,152,0.36,0.26,0.71,1.17,0.53
"343","Voshon Lenard",14.39,0.116,0.0742,0.0609677419354839,27,0.36,0.68,0.79,0.39,0.57
"344","Larry Johnson",14.38,0.1202,0.0909,0.122727272727273,66,0.36,0.77,1.27,1.57,0.82
"345","Bill Laimbeer",14.37,0.1375,0.0947,0.102743362831858,113,0.36,1.15,1.38,1.19,0.87
"346","Archie Clark",14.35,0.0784,0.0549,-0.0076056338028169,71,0.35,-0.13,0.24,-0.93,0.3
"347","Steven Adams",14.34,0.1508,0.083,0.0631914893617021,47,0.35,1.43,1.04,0.43,0.7
"348","Jack Marin",14.3,0.1172,0.0804,0,48,0.34,0.71,0.97,-0.78,0.66
"349","George McGinnis",14.3,0.0417,0.0265,0.0397058823529412,32,0.34,-0.92,-0.58,-0.02,-0.12
"350","Dennis Johnson",14.29,0.0913,0.0739,0.075,177,0.34,0.15,0.78,0.65,0.56
"351","Mike Scott",14.29,0.0922,0.0316,0,34,0.34,0.17,-0.43,-0.78,-0.04
"352","John Starks",14.28,0.1218,0.0802,0.1040625,90,0.33,0.81,0.96,1.21,0.64
"353","Antonio Davis",14.27,0.1233,0.0731,0.0580645161290323,93,0.33,0.84,0.76,0.33,0.55
"354","LaPhonso Ellis",14.25,0.1123,0.075,0.0675,12,0.33,0.6,0.81,0.51,0.57
"355","Mehmet Okur",14.25,0.1146,0.0563,0.0608450704225352,68,0.33,0.65,0.28,0.38,0.31
"356","Jason Terry",14.25,0.0963,0.0645,0.0805645161290323,115,0.33,0.26,0.51,0.76,0.42
"357","Lou Amundson",14.23,0.1289,0.0276,0.00931034482758621,16,0.32,0.96,-0.55,-0.6,-0.12
"358","Andrew Toney",14.21,0.0582,0.0361,0.0225,72,0.32,-0.56,-0.3,-0.35,0.01
"359","Matt Bullard",14.21,0.0933,0.02,0,12,0.32,0.19,-0.77,-0.78,-0.22
"360","Bobby Phills",14.21,-0.008,-0.0038,0.0103846153846154,13,0.32,-1.99,-1.45,-0.58,-0.56
"361","Klay Thompson",14.19,0.0959,0.0735,0.0771428571428572,98,0.31,0.25,0.77,0.7,0.54
"362","Lenny Wilkens",14.16,0.0859,0.0672,0,64,0.3,0.03,0.59,-0.78,0.44
"363","Jalen Rose",14.16,0.0688,0.0458,0.0640677966101695,55,0.3,-0.33,-0.03,0.45,0.14
"364","Jimmy Walker",14.15,0.0832,0.05,0,12,0.3,-0.02,0.09,-0.78,0.2
"365","Detlef Schrempf",14.15,0.0949,0.0579,0.0497368421052632,107,0.3,0.23,0.32,0.17,0.31
"366","Peja Stojakovic",14.14,0.102,0.0695,0.0596842105263158,93,0.3,0.38,0.65,0.36,0.48
"367","Albert King",14.1,0.0538,0.0333,0.0385714285714286,14,0.29,-0.66,-0.39,-0.04,-0.05
"368","Brad Miller",14.07,0.0832,0.046,0.054,41,0.28,-0.02,-0.02,0.25,0.13
"369","Micheal Ray Richardson",14.06,0.0674,0.0556,0.12,14,0.28,-0.37,0.26,1.52,0.27
"370","Marvin Webster",14.05,0.1146,0.0687,0.07875,40,0.27,0.65,0.63,0.73,0.45
"371","Orlando Woolridge",14.05,0.0636,0.0333,0.015,36,0.27,-0.45,-0.39,-0.5,-0.06
"372","Speedy Claxton",14.05,0.1016,0.0267,0.009,24,0.27,0.37,-0.57,-0.61,-0.15
"373","World B. Free",14.04,0.0559,0.0265,0,29,0.27,-0.61,-0.58,-0.78,-0.15
"374","Boris Diaw",14.02,0.1084,0.0597,0.086218487394958,119,0.27,0.52,0.37,0.87,0.32
"375","Andris Biedrins",14.02,0.1352,0.0571,0.0578571428571429,11,0.27,1.1,0.3,0.33,0.29
"376","Bob Boozer",14.01,0.1122,0.0625,0,48,0.26,0.6,0.45,-0.78,0.36
"377","Derek Harper",14.01,0.1024,0.068,0.0807216494845361,97,0.26,0.39,0.61,0.76,0.44
"378","Earl Tatum",14,0.0809,0.0545,0.0490909090909091,11,0.26,-0.07,0.22,0.16,0.24
"379","Kenny Fields",14,0.0304,0.0083,0,12,0.26,-1.16,-1.1,-0.78,-0.42
"380","Kosta Koufos",13.99,0.1015,0.0189,0.0145945945945946,11,0.26,0.37,-0.8,-0.5,-0.27
"381","Drew Gooden",13.98,0.1077,0.0531,0,60,0.25,0.5,0.18,-0.78,0.22
"382","David Lee",13.98,0.1007,0.0326,0.0188372093023256,22,0.25,0.35,-0.41,-0.42,-0.08
"383","Andre Iguodala",13.97,0.1114,0.077,0.119508196721311,122,0.25,0.58,0.87,1.51,0.56
"384","Glen Rice",13.96,0.0683,0.0527,0.0441818181818182,55,0.25,-0.35,0.17,0.06,0.21
"385","Jamaal Wilkes",13.95,0.0897,0.0628,0.0406194690265487,113,0.25,0.12,0.46,0,0.36
"386","Phil Smith",13.94,0.1031,0.0531,0.0495918367346939,39,0.24,0.4,0.18,0.17,0.21
"387","Rich Kelley",13.94,0.1116,0.0444,0.054,42,0.24,0.59,-0.07,0.25,0.08
"388","Robert Horry",13.94,0.1287,0.075,0.130573770491803,244,0.24,0.96,0.81,1.72,0.52
"389","Spencer Hawes",13.94,0.0776,0.0265,0.0158823529411765,13,0.24,-0.15,-0.58,-0.48,-0.17
"390","Terrence Jones",13.94,0.0585,0.028,0.0108,23,0.24,-0.56,-0.54,-0.58,-0.15
"391","Bob Ferry",13.93,0.1128,0.0381,0,18,0.24,0.61,-0.25,-0.78,-0.01
"392","Joe Barry Carroll",13.92,0.0282,0.0158,0,14,0.24,-1.21,-0.89,-0.78,-0.32
"393","Jermaine O'Neal",13.92,0.0838,0.0464,0.0194845360824742,70,0.24,-0.01,-0.01,-0.41,0.12
"394","George Hill",13.89,0.117,0.0816,0.0826530612244898,94,0.23,0.7,1,0.8,0.62
"395","Samuel Dalembert",13.87,0.0943,0.052,0,24,0.23,0.21,0.15,-0.78,0.19
"396","Dejounte Murray",13.86,0.0364,0.0125,0.03375,11,0.22,-1.03,-0.98,-0.14,-0.38
"397","Brendan Haywood",13.85,0.1474,0.0648,0.075,46,0.22,1.36,0.52,0.65,0.37
"398","Paul Pressey",13.84,0.0719,0.0453,0.0864,72,0.22,-0.27,-0.04,0.87,0.09
"399","Nazr Mohammed",13.81,0.1252,0.0341,0.0184090909090909,37,0.21,0.88,-0.36,-0.43,-0.08
"400","Phil Ford",13.8,0,0,-0.036,13,0.21,-1.82,-1.34,-1.47,-0.57
"401","Hot Rod Williams",13.8,0.0892,0.0544,0.0615789473684211,54,0.21,0.1,0.22,0.4,0.22
"402","Nenad Krstic",13.8,0.0953,0.05,0.0192857142857143,21,0.21,0.24,0.09,-0.41,0.15
"403","Bryon Russell",13.78,0.1309,0.08,0.120857142857143,88,0.2,1,0.96,1.53,0.58
"404","Rashard Lewis",13.78,0.1103,0.0699,0.0987096774193548,79,0.2,0.56,0.67,1.11,0.44
"405","Matt Harpring",13.78,0.0733,0.0333,0.0225,39,0.2,-0.24,-0.39,-0.35,-0.1
"406","Sam Lacey",13.77,0.0804,0.0621,0.130344827586207,29,0.2,-0.08,0.44,1.72,0.32
"407","Dick Barnett",13.76,0.1077,0.0667,0,95,0.2,0.5,0.57,-0.78,0.38
"408","Kevin Willis",13.74,0.0828,0.0418,0.016530612244898,70,0.19,-0.03,-0.14,-0.47,0.02
"409","Red Kerr",13.71,0.0216,0.0125,0,37,0.18,-1.35,-0.98,-0.78,-0.4
"410","Chris Morris",13.71,0.1219,0.042,0.0586956521739131,44,0.18,0.81,-0.14,0.34,0.02
"411","Reggie Jackson",13.71,0.0826,0.0529,0.0555882352941177,34,0.18,-0.04,0.18,0.28,0.18
"412","Ersan Ilyasova",13.69,0.0714,0.0333,0.00818181818181818,27,0.18,-0.28,-0.39,-0.63,-0.11
"413","Myles Turner",13.69,0.073,0.0444,0.03,18,0.18,-0.24,-0.07,-0.21,0.05
"414","Jamal Crawford",13.67,0.0392,0.023,0.00364864864864865,74,0.17,-0.97,-0.68,-0.71,-0.26
"415","Happy Hairston",13.66,0.0974,0.0594,0.00391304347826087,63,0.17,0.28,0.36,-0.71,0.26
"416","John Block",13.66,0.1333,0.0381,0,11,0.17,1.05,-0.25,-0.78,-0.04
"417","Benoit Benjamin",13.66,0.1,0.05,0.03,18,0.17,0.34,0.09,-0.21,0.13
"418","Kevin Porter",13.65,0.0544,0.0333,0.0572727272727273,24,0.17,-0.65,-0.39,0.31,-0.11
"419","Linas Kleiza",13.65,0.1165,0.0385,0.0207692307692308,18,0.17,0.69,-0.24,-0.39,-0.03
"420","Gene Shue",13.64,0.0969,0.0765,0,15,0.16,0.27,0.86,-0.78,0.51
"421","Jimmy Jones",13.64,0.1164,0.05,0.06,18,0.16,0.69,0.09,0.37,0.12
"422","Lonnie Shelton",13.64,0.0953,0.0615,0.0778846153846154,50,0.16,0.24,0.42,0.71,0.29
"423","Otto Porter",13.62,0.1456,0.0903,0.104516129032258,28,0.16,1.32,1.25,1.22,0.7
"424","Johnny Davis",13.6,0.0897,0.0465,0.0313953488372093,30,0.15,0.12,-0.01,-0.18,0.07
"425","Danny Green",13.6,0.1112,0.058,0.108,96,0.15,0.58,0.32,1.29,0.24
"426","Quinn Cook",13.6,0.1404,0.0333,0.018,15,0.15,1.21,-0.39,-0.44,-0.12
"427","Richard Dumas",13.59,0.0857,0.0346,0.0207692307692308,23,0.15,0.03,-0.35,-0.39,-0.1
"428","Craig Ehlo",13.58,0.0625,0.0316,0.0426315789473684,56,0.15,-0.47,-0.43,0.03,-0.14
"429","Metta World Peace",13.58,0.075,0.0576,0.111176470588235,82,0.15,-0.2,0.31,1.35,0.23
"430","Jerami Grant",13.58,0.0984,0.0455,0,11,0.15,0.3,-0.03,-0.78,0.06
"431","Ime Udoka",13.56,0.0988,0.0333,0.0385714285714286,21,0.14,0.31,-0.39,-0.04,-0.12
"432","Tony Delk",13.54,0.1017,0.0415,0.0305660377358491,33,0.14,0.37,-0.15,-0.2,0
"433","J.J. Barea",13.54,0.0343,0.0143,0.00551020408163265,42,0.14,-1.08,-0.93,-0.68,-0.4
"434","Johnny Egan",13.52,0.1166,0.0548,0,37,0.13,0.69,0.23,-0.78,0.18
"435","Rodney Stuckey",13.51,0.0607,0.0286,0.0192857142857143,28,0.13,-0.51,-0.52,-0.41,-0.2
"436","Sam Perkins",13.5,0.1043,0.0623,0.0679041916167665,164,0.13,0.43,0.45,0.52,0.29
"437","Junior Bridgeman",13.49,0.0918,0.0531,0.0330612244897959,46,0.12,0.16,0.18,-0.15,0.15
"438","Charles Oakley",13.45,0.1034,0.0764,0.099375,138,0.11,0.41,0.85,1.12,0.48
"439","Scott Wedman",13.44,0.0832,0.04,0.0317647058823529,79,0.11,-0.02,-0.19,-0.17,-0.04
"440","George Trapp",13.43,0.0371,0.0129,-0.00870967741935484,16,0.11,-1.02,-0.97,-0.95,-0.43
"441","Otis Birdsong",13.43,0.0749,0.0486,0.054,30,0.11,-0.2,0.05,0.25,0.08
"442","Jaylen Brown",13.43,0.0842,0.04,0.0231428571428571,35,0.11,0,-0.19,-0.34,-0.04
"443","Butch Beard",13.42,0.0828,0.0406,0.03375,32,0.11,-0.03,-0.18,-0.14,-0.03
"444","Byron Scott",13.42,0.1056,0.0645,0.0663934426229508,183,0.11,0.46,0.51,0.49,0.31
"445","Jeff Malone",13.42,0.0663,0.049,0.0105882352941176,47,0.11,-0.39,0.07,-0.58,0.09
"446","Mike Bratz",13.41,0.0865,0.0324,0.0218918918918919,32,0.1,0.05,-0.41,-0.36,-0.15
"447","Marquis Daniels",13.4,0.0786,0.0185,0.0166153846153846,36,0.1,-0.12,-0.81,-0.46,-0.36
"448","Ronnie Brewer",13.39,0.1011,0.0383,0.034468085106383,33,0.1,0.36,-0.24,-0.12,-0.07
"449","Norm Van Lier",13.38,0.0465,0.0395,0.0710526315789474,38,0.1,-0.82,-0.21,0.58,-0.05
"450","Curtis Rowe",13.37,0.088,0.0607,0.0578571428571429,28,0.09,0.08,0.4,0.33,0.24
"451","Christian Laettner",13.36,0.0829,0.0444,0.03,38,0.09,-0.03,-0.07,-0.21,0.01
"452","Mike Green",13.35,0.0824,0.045,0.054,20,0.09,-0.04,-0.05,0.25,0.02
"453","Ricky Sobers",13.32,0.0549,0.0345,0.0279310344827586,29,0.08,-0.63,-0.35,-0.25,-0.13
"454","James Donaldson",13.32,0.1218,0.0686,0.0476470588235294,35,0.08,0.81,0.63,0.13,0.36
"455","Vern Fleming",13.3,0.0699,0.0297,0.0364864864864865,28,0.07,-0.31,-0.49,-0.08,-0.21
"456","Chandler Parsons",13.28,0.0549,0.0462,0.0415384615384615,12,0.07,-0.63,-0.01,0.01,0.03
"457","Raymond Felton",13.27,0.0668,0.0381,0.045,33,0.07,-0.38,-0.25,0.08,-0.09
"458","Rudy Gay",13.27,0.0547,0.0417,0.045,12,0.07,-0.64,-0.14,0.08,-0.04
"459","Ernie Grunfeld",13.26,0.1068,0.05,0.0514285714285714,21,0.06,0.48,0.09,0.2,0.08
"460","Charles Smith",13.26,0.0847,0.0397,0.036986301369863,66,0.06,0.01,-0.2,-0.07,-0.07
"461","Greg Smith",13.24,0.131,0.0767,0,24,0.06,1.01,0.86,-0.78,0.46
"462","Nick Anderson",13.24,0.0761,0.0571,0.0936734693877551,49,0.06,-0.18,0.3,1.01,0.18
"463","James Posey",13.24,0.1407,0.0754,0.0830769230769231,61,0.06,1.21,0.82,0.81,0.44
"464","Jim McMillian",13.23,0.0829,0.0653,0.015,72,0.06,-0.03,0.53,-0.5,0.3
"465","Phil Chenier",13.21,0.092,0.0667,0.054,51,0.05,0.16,0.57,0.25,0.31
"466","Spencer Haywood",13.2,0.0701,0.0394,0,33,0.05,-0.31,-0.21,-0.78,-0.08
"467","Raef LaFrentz",13.2,0.0834,0.0457,0.0617142857142857,35,0.05,-0.02,-0.03,0.4,0.01
"468","Anderson Varejao",13.2,0.1389,0.0557,0.0398863636363636,71,0.05,1.18,0.26,-0.02,0.16
"469","Jared Dudley",13.2,0.1353,0.0517,0.102413793103448,22,0.05,1.1,0.14,1.18,0.1
"470","Mike Mitchell",13.19,0.0619,0.0429,0,28,0.05,-0.48,-0.11,-0.78,-0.03
"471","Ron Williams",13.17,0.0501,0.0219,0,20,0.04,-0.74,-0.71,-0.78,-0.34
"472","Jim Jackson",13.17,0.094,0.0521,0.0675,45,0.04,0.21,0.15,0.51,0.1
"473","Antoine Walker",13.17,0.0605,0.0484,0.084375,60,0.04,-0.51,0.05,0.83,0.04
"474","Leon Powe",13.17,0.1363,0.0281,-0.0253125,23,0.04,1.12,-0.53,-1.27,-0.25
"475","Nick Van Exel",13.16,0.0603,0.0395,0.0461842105263158,76,0.04,-0.52,-0.21,0.1,-0.08
"476","Dan Majerle",13.15,0.1064,0.0764,0.116341463414634,115,0.03,0.48,0.85,1.45,0.44
"477","Tom Chambers",13.14,0.0674,0.0398,0.01,103,0.03,-0.37,-0.2,-0.59,-0.08
"478","Tayshaun Prince",13.14,0.1071,0.0793,0.106071428571429,140,0.03,0.49,0.94,1.25,0.48
"479","Aaron McKie",13.12,0.0898,0.0533,0.0684,55,0.03,0.12,0.19,0.53,0.11
"480","Edgar Jones",13.11,0.0807,0.0267,0.036,11,0.02,-0.08,-0.57,-0.09,-0.27
"481","Kevin Martin",13.1,0.0844,0.0455,0,17,0.02,0,-0.03,-0.78,0
"482","Jeff Mullins",13.09,0.0851,0.0482,0.00325301204819277,69,0.02,0.02,0.04,-0.72,0.03
"483","Artis Gilmore",13.09,0.1125,0.0643,0.0578571428571429,28,0.02,0.61,0.51,0.33,0.26
"484","Rudy LaRusso",13.08,0.0678,0.0484,0,93,0.02,-0.36,0.05,-0.78,0.04
"485","Gar Heard",13.08,0.0789,0.0508,0.0640677966101695,55,0.02,-0.12,0.12,0.45,0.07
"486","George Lynch",13.08,0.0921,0.0468,0.0740322580645161,60,0.02,0.17,0,0.64,0.01
"487","Travis Best",13.08,0.0864,0.0349,0.0385714285714286,54,0.02,0.04,-0.34,-0.04,-0.16
"488","Elden Campbell",13.06,0.0698,0.0311,0.0178301886792453,68,0.01,-0.31,-0.45,-0.44,-0.22
"489","Festus Ezeli",13.06,0.0923,0.0182,-0.00490909090909091,12,0.01,0.17,-0.82,-0.88,-0.4
"490","Michael Cooper",13.05,0.1184,0.0696,0.09,168,0.01,0.73,0.66,0.94,0.34
"491","Chris Mills",13.05,0.1008,0.0579,0.0710526315789474,19,0.01,0.35,0.32,0.58,0.16
"492","Nick Weatherspoon",13.04,0.094,0.0452,0.0174193548387097,24,0.01,0.21,-0.04,-0.45,-0.02
"493","Randy Wittman",13.04,0.0782,0.0474,0.0426315789473684,30,0.01,-0.13,0.02,0.03,0.02
"494","Walt Hazzard",13.03,0.0579,0.0328,0,55,0,-0.57,-0.4,-0.78,-0.2
"495","James Bailey",13.03,0.0878,0.0214,0.0192857142857143,12,0,0.07,-0.73,-0.41,-0.36
"496","Larry Hughes",13.03,0.05,0.0347,0.0495918367346939,45,0,-0.74,-0.34,0.17,-0.17
"497","Bill Bridges",13.02,0.075,0.0487,0,113,0,-0.2,0.06,-0.78,0.03
"498","Nick Collison",13.01,0.1347,0.0473,0.0623076923076923,82,0,1.08,0.02,0.41,0.01
"499","Rolando Blackman",13,0.0786,0.0507,0.031304347826087,63,-0.01,-0.12,0.11,-0.18,0.05
"500","Scott Williams",13,0.1277,0.0426,0.0258510638297872,68,-0.01,0.93,-0.12,-0.29,-0.06
"501","Tyson Chandler",13,0.1397,0.0853,0.0972,67,-0.01,1.19,1.11,1.08,0.55
"502","Si Green",12.99,0.0686,0.04,0,26,-0.01,-0.34,-0.19,-0.78,-0.1
"503","Nate McMillan",12.96,0.0834,0.0388,0.0688775510204082,83,-0.02,-0.02,-0.23,0.54,-0.12
"504","Damon Stoudamire",12.96,0.0545,0.0321,0.0407547169811321,43,-0.02,-0.64,-0.42,0,-0.22
"505","Xavier McDaniel",12.95,0.0499,0.0353,0.0582352941176471,47,-0.02,-0.74,-0.33,0.33,-0.18
"506","Dave Meyers",12.94,0.0636,0.0368,0.0426315789473684,16,-0.02,-0.45,-0.28,0.03,-0.15
"507","Brad Davis",12.94,0.0657,0.0289,-0.006,41,-0.02,-0.4,-0.51,-0.9,-0.26
"508","Joe Johnson",12.93,0.0574,0.0425,0.0585,112,-0.02,-0.58,-0.12,0.34,-0.07
"509","Bobby Jackson",12.91,0.0647,0.0293,0.0372413793103448,42,-0.03,-0.42,-0.5,-0.07,-0.26
"510","Julian Wright",12.91,0.0589,0.0133,0.018,11,-0.03,-0.55,-0.96,-0.44,-0.5
"511","Jim Barnett",12.9,0.0574,0.0267,0.009,16,-0.03,-0.58,-0.57,-0.61,-0.3
"512","Jerry Eaves",12.9,0.0727,0.0182,0,11,-0.03,-0.25,-0.82,-0.78,-0.42
"513","Mike McGee",12.9,0.0802,0.0206,0.0119117647058824,42,-0.03,-0.09,-0.75,-0.55,-0.39
"514","Steve Colter",12.9,0.059,0.0208,0.01125,13,-0.03,-0.55,-0.74,-0.57,-0.38
"515","Zaza Pachulia",12.9,0.0844,0.0296,0.00380281690140845,66,-0.03,0,-0.49,-0.71,-0.26
"516","Ray Williams",12.87,0.0108,0.005,0.0135,36,-0.04,-1.58,-1.2,-0.52,-0.62
"517","Dale Ellis",12.87,0.0557,0.0315,0.0184931506849315,59,-0.04,-0.62,-0.44,-0.43,-0.24
"518","Curtis Perry",12.85,0.1056,0.0654,0.0259615384615385,52,-0.04,0.46,0.54,-0.29,0.25
"519","Mychal Thompson",12.83,0.0886,0.0481,0.0285576923076923,96,-0.05,0.09,0.04,-0.24,-0.01
"520","Allen Leavell",12.83,0.0582,0.0206,0.00857142857142857,49,-0.05,-0.56,-0.75,-0.62,-0.4
"521","Vinny Del Negro",12.83,0.0877,0.0463,0.04,42,-0.05,0.07,-0.01,-0.02,-0.03
"522","Phil Jackson",12.82,0.102,0.0388,0.00805970149253731,45,-0.05,0.38,-0.23,-0.63,-0.14
"523","Darrell Arthur",12.82,0.0766,0.0214,0.00964285714285714,28,-0.05,-0.17,-0.73,-0.6,-0.39
"524","Corliss Williamson",12.81,0.0786,0.0273,-0.00818181818181818,52,-0.06,-0.12,-0.56,-0.94,-0.31
"525","Mike Bibby",12.81,0.0716,0.0495,0.0642857142857143,105,-0.06,-0.27,0.08,0.45,0.01
"526","Larry Siegfried",12.8,0.0973,0.0468,0,75,-0.06,0.28,0,-0.78,-0.03
"527","A.C. Green",12.79,0.113,0.0634,0.0441176470588235,146,-0.06,0.62,0.48,0.06,0.21
"528","Luke Ridnour",12.79,0.0359,0.0182,0.0490909090909091,18,-0.06,-1.04,-0.82,0.16,-0.44
"529","Danilo Gallinari",12.78,0.0649,0.0417,0.045,12,-0.06,-0.42,-0.14,0.08,-0.1
"530","Stephen Jackson",12.76,0.0635,0.0444,0.07125,72,-0.07,-0.45,-0.07,0.58,-0.07
"531","Kirk Hinrich",12.74,0.105,0.062,0.0684507042253521,65,-0.07,0.45,0.44,0.53,0.18
"532","Kevin Williams",12.69,0.1012,0.0333,0.0385714285714286,14,-0.09,0.36,-0.39,-0.04,-0.24
"533","Kelly Tripucka",12.68,0.064,0.04,0.0432,18,-0.09,-0.44,-0.19,0.05,-0.14
"534","Gilbert Arenas",12.68,0.103,0.0645,0.104516129032258,16,-0.09,0.4,0.51,1.22,0.21
"535","Markieff Morris",12.68,0.0693,0.0421,0.0426315789473684,19,-0.09,-0.32,-0.13,0.03,-0.11
"536","Gus Johnson",12.67,0.0555,0.0382,0,28,-0.09,-0.62,-0.24,-0.78,-0.16
"537","Gene Banks",12.67,0.0752,0.0407,0.05,20,-0.09,-0.2,-0.17,0.18,-0.13
"538","Tiny Archibald",12.66,0.0731,0.0532,-0.00574468085106383,47,-0.1,-0.24,0.19,-0.89,0.04
"539","Rickey Green",12.66,0.0791,0.0382,0.00490909090909091,41,-0.1,-0.11,-0.24,-0.69,-0.17
"540","Fred Hetzel",12.65,0.0906,0.04,0,23,-0.1,0.13,-0.19,-0.78,-0.15
"541","Jose Calderon",12.65,0.0839,0.0324,0.0238235294117647,18,-0.1,-0.01,-0.41,-0.33,-0.26
"542","Don Ohl",12.63,0.068,0.0447,0,47,-0.1,-0.35,-0.06,-0.78,-0.08
"543","Armen Gilliam",12.63,0.0486,0.0206,-0.0317647058823529,31,-0.1,-0.77,-0.75,-1.39,-0.42
"544","Greg Ostertag",12.63,0.1086,0.0449,0.0546067415730337,78,-0.1,0.52,-0.05,0.26,-0.08
"545","Maurice Evans",12.63,0.0771,0.0268,0.0192857142857143,32,-0.1,-0.16,-0.57,-0.41,-0.34
"546","Joe Caldwell",12.62,0.0715,0.0489,0,45,-0.11,-0.28,0.06,-0.78,-0.02
"547","Mario Elie",12.61,0.1006,0.0552,0.0651724137931035,108,-0.11,0.35,0.24,0.47,0.06
"548","Jim Cleamons",12.6,0.0576,0.0296,0.03,19,-0.11,-0.58,-0.49,-0.21,-0.3
"549","Jamaal Magloire",12.6,0.116,0.0478,0.0117391304347826,36,-0.11,0.68,0.03,-0.56,-0.04
"550","Lloyd Neal",12.59,0.0569,0.0136,0,19,-0.11,-0.59,-0.95,-0.78,-0.53
"551","Olden Polynice",12.59,0.0997,0.0432,0.0145945945945946,22,-0.11,0.33,-0.1,-0.5,-0.11
"552","Sean Elliott",12.57,0.1032,0.0718,0.0825882352941177,85,-0.12,0.41,0.72,0.8,0.3
"553","Lou Williams",12.57,0.0375,0.0192,0,52,-0.12,-1.01,-0.79,-0.78,-0.46
"554","Marco Belinelli",12.57,0.085,0.0379,0.0232758620689655,58,-0.12,0.01,-0.25,-0.34,-0.18
"555","Alan Henderson",12.56,0.1125,0.0333,0,24,-0.12,0.61,-0.39,-0.78,-0.26
"556","Timofey Mozgov",12.56,0.1227,0.045,0.02025,20,-0.12,0.83,-0.05,-0.39,-0.08
"557","Richard Jefferson",12.55,0.1026,0.0586,0.0443571428571429,129,-0.12,0.39,0.34,0.07,0.11
"558","Michael Cage",12.54,0.0956,0.0415,0.0509433962264151,39,-0.13,0.24,-0.15,0.19,-0.14
"559","Stu Lantz",12.52,0.0993,0.0692,0.0415384615384615,13,-0.13,0.32,0.65,0.01,0.26
"560","Leandro Barbosa",12.52,0.0568,0.0218,0.0136134453781513,107,-0.13,-0.59,-0.72,-0.52,-0.42
"561","Frank Ramsey",12.51,0.1343,0.0644,0,59,-0.14,1.08,0.51,-0.78,0.18
"562","John Salley",12.51,0.1532,0.0642,0.0745522388059701,100,-0.14,1.48,0.5,0.65,0.18
"563","Lucious Harris",12.51,0.1104,0.0463,0.02,51,-0.14,0.56,-0.01,-0.4,-0.08
"564","Ian Clark",12.51,0.0938,0.0268,0.0131707317073171,25,-0.14,0.2,-0.57,-0.53,-0.36
"565","Jerry Sloan",12.5,0.0585,0.0442,0.0207692307692308,47,-0.14,-0.56,-0.07,-0.39,-0.11
"566","Joel Kramer",12.5,0.1625,0.0464,0.0289285714285714,22,-0.14,1.68,-0.01,-0.23,-0.08
"567","Trenton Hassell",12.5,0.0814,0.0444,0.045,18,-0.14,-0.06,-0.07,0.08,-0.11
"568","Monta Ellis",12.49,0.0253,0.0158,0.0284210526315789,34,-0.14,-1.27,-0.89,-0.24,-0.52
"569","Reggie Theus",12.48,0.0354,0.0235,0,14,-0.14,-1.05,-0.67,-0.78,-0.4
"570","Michael Finley",12.48,0.0835,0.0527,0.0732558139534884,111,-0.14,-0.02,0.17,0.62,0.02
"571","Anthony Mason",12.47,0.104,0.0698,0.0815625,93,-0.15,0.42,0.66,0.78,0.26
"572","Ray Scott",12.45,0.0061,0.004,0,18,-0.15,-1.69,-1.23,-0.78,-0.69
"573","Thon Maker",12.45,0.078,0.0333,0.0675,12,-0.15,-0.14,-0.39,0.51,-0.27
"574","Kelly Olynyk",12.44,0.0749,0.029,0.0435483870967742,23,-0.15,-0.2,-0.51,0.05,-0.33
"575","Ray Felix",12.39,0.0923,0.0424,0,33,-0.17,0.17,-0.12,-0.78,-0.15
"576","Buck Williams",12.39,0.1035,0.0741,0.0575,101,-0.17,0.41,0.79,0.32,0.31
"577","Kurt Rambis",12.38,0.1198,0.046,0.0485611510791367,116,-0.17,0.76,-0.02,0.15,-0.1
"578","Jim Fox",12.37,0.0476,0.0167,-0.009,13,-0.17,-0.79,-0.86,-0.96,-0.52
"579","Mike Dunleavy",12.37,0.1034,0.0434,0.0409090909090909,63,-0.17,0.41,-0.09,0,-0.13
"580","Mike Gale",12.36,0.0487,0.025,0.0192857142857143,20,-0.17,-0.77,-0.62,-0.41,-0.4
"581","Jay Humphries",12.36,0.0783,0.0439,0.0395121951219512,33,-0.17,-0.13,-0.08,-0.03,-0.12
"582","Kendall Gill",12.36,0.0482,0.0296,0.03,20,-0.17,-0.78,-0.49,-0.21,-0.33
"583","Stanislav Medvedenko",12.31,0.1305,0.0243,0,21,-0.19,0.99,-0.64,-0.78,-0.42
"584","Alton Lister",12.3,0.0801,0.0345,0.0372413793103448,70,-0.19,-0.09,-0.35,-0.07,-0.27
"585","Ed Davis",12.3,0.055,0.0133,-0.009,11,-0.19,-0.63,-0.96,-0.96,-0.57
"586","John Long",12.29,0.027,0.013,-0.0117391304347826,18,-0.19,-1.24,-0.97,-1.01,-0.58
"587","Dave Twardzik",12.28,0.1202,0.056,0.0324,20,-0.2,0.77,0.27,-0.16,0.04
"588","Dennis Rodman",12.28,0.1183,0.0698,0.0814792899408284,169,-0.2,0.73,0.66,0.78,0.23
"589","Gerald Wilkins",12.27,0.0456,0.0291,0.0245454545454545,52,-0.2,-0.83,-0.51,-0.31,-0.36
"590","Rod Thorn",12.26,0.0698,0.0211,0,19,-0.2,-0.31,-0.74,-0.78,-0.47
"591","Tom Abernethy",12.26,0.0637,0.0231,0,11,-0.2,-0.44,-0.68,-0.78,-0.44
"592","Shaun Livingston",12.26,0.0977,0.042,0.0243,100,-0.2,0.29,-0.14,-0.32,-0.17
"593","Eric Gordon",12.26,0.0503,0.0344,0.0253125,32,-0.2,-0.73,-0.35,-0.3,-0.28
"594","Keon Clark",12.24,0.0964,0.0321,0.0192857142857143,17,-0.21,0.26,-0.42,-0.41,-0.32
"595","Jordan Hill",12.24,0.0913,0.025,-0.0135,12,-0.21,0.15,-0.62,-1.04,-0.42
"596","Tyrone Corbin",12.23,0.0863,0.0494,0.0666666666666667,72,-0.21,0.04,0.08,0.49,-0.06
"597","Rodney Rogers",12.22,0.0839,0.0366,0.0362195121951219,68,-0.21,-0.01,-0.29,-0.09,-0.25
"598","Jim King",12.19,0.0727,0.0301,0,61,-0.22,-0.25,-0.48,-0.78,-0.35
"599","Mike Sanders",12.19,0.0559,0.0194,0.0161194029850746,45,-0.22,-0.61,-0.78,-0.47,-0.5
"600","Vladimir Radmanovic",12.19,0.0875,0.0383,0.0517021276595745,44,-0.22,0.07,-0.24,0.21,-0.23
"601","Fred Carter",12.18,0.0542,0.0393,0.00964285714285714,28,-0.22,-0.65,-0.21,-0.6,-0.22
"602","Dave Stallworth",12.18,0.0497,0.015,0,37,-0.22,-0.75,-0.91,-0.78,-0.57
"603","Michael Beasley",12.18,-0.0103,-0.004,-0.0648,12,-0.22,-2.04,-1.46,-2.03,-0.84
"604","Ernie DiGregorio",12.16,0.042,0.0267,-0.018,15,-0.23,-0.91,-0.57,-1.13,-0.4
"605","Howard Eisley",12.16,0.0507,0.017,0.00920454545454545,88,-0.23,-0.72,-0.85,-0.61,-0.54
"606","Rick Adelman",12.14,0.0729,0.0238,0,15,-0.23,-0.25,-0.66,-0.78,-0.44
"607","Danny Ainge",12.12,0.0915,0.0497,0.0461658031088083,193,-0.24,0.15,0.09,0.1,-0.08
"608","Otis Thorpe",12.11,0.1172,0.0705,0.0623076923076923,64,-0.24,0.71,0.68,0.41,0.22
"609","B.J. Armstrong",12.1,0.1198,0.0562,0.0308571428571429,103,-0.24,0.76,0.27,-0.19,0.02
"610","Alan Anderson",12.1,0.0715,0.0333,0.06,18,-0.24,-0.28,-0.39,0.37,-0.32
"611","Kevon Looney",12.1,0.1517,0.0647,0.0794117647058824,17,-0.24,1.45,0.52,0.74,0.14
"612","Steve Kuberski",12.08,0.1094,0.028,-0.0054,29,-0.25,0.54,-0.54,-0.89,-0.4
"613","P.J. Brown",12.08,0.1215,0.0689,0.0560377358490566,102,-0.25,0.8,0.64,0.29,0.2
"614","John Bagley",12.07,-0.0088,-0.0053,0.0284210526315789,14,-0.25,-2.01,-1.49,-0.24,-0.87
"615","Larry Costello",12.06,0.125,0.0658,0,31,-0.25,0.88,0.55,-0.78,0.15
"616","Luke Jackson",12.06,0.0451,0.0271,0,51,-0.25,-0.85,-0.56,-0.78,-0.4
"617","Tim Hardaway",12.06,0.0554,0.038,0.0722535211267606,56,-0.25,-0.62,-0.25,0.6,-0.25
"618","Trevor Ariza",12.06,0.0947,0.0637,0.0979411764705882,90,-0.25,0.22,0.49,1.09,0.12
"619","Raja Bell",12.04,0.1062,0.0574,0.0913235294117647,50,-0.26,0.47,0.31,0.97,0.02
"620","Jamaal Tinsley",12.04,0.0615,0.0317,0.0395121951219512,31,-0.26,-0.49,-0.43,-0.03,-0.34
"621","Jon McGlocklin",12.03,0.1005,0.0582,-0.00490909090909091,49,-0.26,0.35,0.33,-0.88,0.04
"622","Eric Money",12.03,0.0095,0.005,0,20,-0.26,-1.61,-1.2,-0.78,-0.73
"623","Mike Evans",12.03,0.009,0.0034,-0.00931034482758621,44,-0.26,-1.62,-1.24,-0.96,-0.75
"624","Jannero Pargo",12.02,0.0527,0.0146,0.0131707317073171,23,-0.27,-0.68,-0.92,-0.53,-0.6
"625","Jamal Mashburn",12.01,0.0779,0.0577,0.0571153846153846,51,-0.27,-0.14,0.32,0.31,0.02
"626","DeMarre Carroll",12.01,0.0973,0.0579,0.0663157894736842,53,-0.27,0.28,0.32,0.49,0.02
"627","Dwight Davis",12,0.1014,0.0273,0,11,-0.27,0.37,-0.56,-0.78,-0.42
"628","Adam Keefe",11.99,0.1207,0.0266,0.01265625,42,-0.27,0.78,-0.58,-0.54,-0.42
"629","Will Perdue",11.98,0.1108,0.0269,0.005,46,-0.28,0.57,-0.57,-0.69,-0.42
"630","Malik Rose",11.98,0.1039,0.0378,0.0164634146341463,64,-0.28,0.42,-0.26,-0.47,-0.27
"631","Thurl Bailey",11.96,0.0612,0.0391,0.0234782608695652,69,-0.28,-0.5,-0.22,-0.33,-0.25
"632","Dave Gambee",11.95,0.0629,0.0256,0,28,-0.28,-0.46,-0.61,-0.78,-0.44
"633","Rod Higgins",11.94,0.0917,0.0424,0.0654545454545455,27,-0.29,0.16,-0.12,0.47,-0.2
"634","Eric Maynor",11.92,0.0486,0.013,0,17,-0.29,-0.77,-0.97,-0.78,-0.63
"635","Tom Henderson",11.91,0.0629,0.0388,0.023625,77,-0.29,-0.46,-0.23,-0.33,-0.26
"636","Walt Williams",11.9,0.0493,0.0171,0.0308571428571429,32,-0.3,-0.76,-0.85,-0.19,-0.57
"637","Jerryd Bayless",11.9,0.0543,0.0233,0.009,27,-0.3,-0.65,-0.67,-0.61,-0.48
"638","Marcus Smart",11.9,0.0491,0.0302,0.0627906976744186,39,-0.3,-0.76,-0.47,0.42,-0.38
"639","Desmond Mason",11.89,0.0079,0.0063,-0.016875,16,-0.3,-1.65,-1.16,-1.11,-0.73
"640","Lavoy Allen",11.89,0.138,0.036,0.0216,12,-0.3,1.16,-0.31,-0.37,-0.3
"641","Mitchell Wiggins",11.88,0.0801,0.031,0.0186206896551724,20,-0.3,-0.09,-0.45,-0.43,-0.38
"642","Theo Ratliff",11.88,0.1045,0.0432,0.0613636363636364,29,-0.3,0.43,-0.1,0.39,-0.2
"643","Truck Robinson",11.84,0.0608,0.0297,0.0145945945945946,54,-0.31,-0.51,-0.49,-0.5,-0.4
"644","DeSagana Diop",11.84,0.1316,0.0536,0.0675,28,-0.31,1.02,0.2,0.51,-0.05
"645","Nikola Mirotic",11.84,0.0892,0.0462,0.0519230769230769,26,-0.31,0.1,-0.01,0.21,-0.16
"646","Maurice Harkless",11.84,0.0453,0.0235,0.0158823529411765,11,-0.31,-0.84,-0.67,-0.48,-0.49
"647","Brent Barry",11.83,0.0998,0.0409,0.0521590909090909,81,-0.32,0.33,-0.17,0.22,-0.24
"648","Michael Adams",11.81,0.0283,0.02,0.054,14,-0.32,-1.21,-0.77,0.25,-0.55
"649","Duane Ferrell",11.81,0.0718,0.0206,0.0158823529411765,11,-0.32,-0.27,-0.75,-0.48,-0.54
"650","Donyell Marshall",11.8,0.0978,0.0383,0.034468085106383,41,-0.32,0.29,-0.24,-0.12,-0.28
"651","Anthony Carter",11.79,0.0478,0.0179,0.0207692307692308,26,-0.33,-0.79,-0.83,-0.39,-0.58
"652","Kwame Brown",11.79,0.0515,0.0278,-0.015,12,-0.33,-0.71,-0.54,-1.07,-0.44
"653","Aron Baynes",11.79,0.1206,0.0333,0.012,19,-0.33,0.78,-0.39,-0.55,-0.36
"654","Wayne Embry",11.77,0.0428,0.0214,0,51,-0.33,-0.9,-0.73,-0.78,-0.53
"655","J.R. Smith",11.77,0.0816,0.05,0.0664285714285714,117,-0.33,-0.06,0.09,0.49,-0.12
"656","Mark Olberding",11.76,0.0562,0.034,0.0287234042553192,36,-0.33,-0.61,-0.36,-0.23,-0.34
"657","Rob Williams",11.76,0.017,0.0083,0,12,-0.33,-1.45,-1.1,-0.78,-0.72
"658","Andres Nocioni",11.76,0.0901,0.0522,0.0234782608695652,22,-0.33,0.12,0.16,-0.33,-0.08
"659","Bostjan Nachbar",11.75,0.104,0.0389,0.015,12,-0.34,0.42,-0.22,-0.5,-0.28
"660","Erick Dampier",11.74,0.098,0.0443,0.0442622950819672,47,-0.34,0.29,-0.07,0.07,-0.2
"661","Mario Chalmers",11.74,0.0884,0.0535,0.06,99,-0.34,0.09,0.2,0.37,-0.07
"662","Sedale Threatt",11.73,0.0782,0.0357,0.0115714285714286,50,-0.34,-0.13,-0.32,-0.56,-0.33
"663","Dale Davis",11.73,0.114,0.0635,0.0748905109489051,113,-0.34,0.64,0.48,0.65,0.07
"664","John Tresvant",11.72,0.0557,0.025,0,35,-0.34,-0.62,-0.62,-0.78,-0.48
"665","Randy Breuer",11.72,0.0883,0.0267,0.0135,43,-0.34,0.09,-0.57,-0.52,-0.45
"666","Morris Peterson",11.72,0.0773,0.0364,0.0327272727272727,31,-0.34,-0.15,-0.3,-0.16,-0.32
"667","Luis Scola",11.72,0.0701,0.0312,0.005625,48,-0.34,-0.31,-0.45,-0.68,-0.4
"668","Jerry Stackhouse",11.7,0.0377,0.0227,0.0108,71,-0.35,-1,-0.69,-0.58,-0.52
"669","Keith Erickson",11.69,0.0722,0.0414,0.00310344827586207,84,-0.35,-0.26,-0.15,-0.72,-0.25
"670","Antoine Carr",11.69,0.0943,0.0336,0.0353271028037383,95,-0.35,0.21,-0.38,-0.11,-0.36
"671","Aaron Brooks",11.69,0.041,0.015,0.0135,25,-0.35,-0.93,-0.91,-0.52,-0.63
"672","Bingo Smith",11.67,0.0613,0.0333,0.015,13,-0.36,-0.5,-0.39,-0.5,-0.38
"673","Devin Harris",11.67,0.0411,0.0203,0.0253125,51,-0.36,-0.93,-0.76,-0.3,-0.56
"674","John Battle",11.65,0.02,0.0055,-0.0147272727272727,37,-0.36,-1.39,-1.18,-1.07,-0.77
"675","Lance Stephenson",11.65,0.0772,0.0491,0.061578947368421,49,-0.36,-0.15,0.07,0.4,-0.14
"676","Bob Weiss",11.63,0.0566,0.0245,-0.0152830188679245,41,-0.37,-0.6,-0.64,-1.08,-0.5
"677","John Gianelli",11.62,0.0619,0.0323,0.0174193548387097,21,-0.37,-0.48,-0.41,-0.45,-0.39
"678","Wesley Person",11.62,0.049,0.0296,0.04,23,-0.37,-0.76,-0.49,-0.02,-0.43
"679","Darrall Imhoff",11.61,0.0729,0.0352,0,50,-0.37,-0.25,-0.33,-0.78,-0.35
"680","Glen Davis",11.61,0.0927,0.0365,0.016875,79,-0.37,0.18,-0.29,-0.46,-0.33
"681","Mitch Kupchak",11.6,0.0869,0.0324,0.00397058823529412,54,-0.38,0.06,-0.41,-0.71,-0.4
"682","Robert Reid",11.59,0.0718,0.0519,0.0751898734177215,65,-0.38,-0.27,0.15,0.66,-0.12
"683","Jim Washington",11.58,0.0391,0.0214,0,29,-0.38,-0.97,-0.73,-0.78,-0.55
"684","Kyle Macy",11.58,0.0687,0.0409,0.0306818181818182,31,-0.38,-0.34,-0.17,-0.19,-0.28
"685","Caron Butler",11.58,0.0658,0.0431,0.0332307692307692,65,-0.38,-0.4,-0.1,-0.15,-0.24
"686","Mike Farmer",11.57,0.0742,0.0261,0,22,-0.38,-0.22,-0.59,-0.78,-0.48
"687","Wali Jones",11.57,0.0491,0.0257,0,69,-0.38,-0.76,-0.6,-0.78,-0.49
"688","Fabricio Oberto",11.57,0.1317,0.0478,0.0410869565217391,37,-0.38,1.02,0.03,0,-0.18
"689","Tony Allen",11.57,0.0803,0.0321,0.0554464285714286,76,-0.38,-0.09,-0.42,0.28,-0.4
"690","Frank Selvy",11.56,0.0583,0.038,0,47,-0.39,-0.56,-0.25,-0.78,-0.32
"691","Kevin Kunnert",11.56,0.0468,0.0261,0.0117391304347826,20,-0.39,-0.81,-0.59,-0.56,-0.49
"692","Larry Smith",11.56,0.1023,0.0452,0.0696774193548387,18,-0.39,0.39,-0.04,0.55,-0.22
"693","Charlie Scott",11.55,0.0408,0.0303,0.0327272727272727,33,-0.39,-0.94,-0.47,-0.16,-0.43
"694","Elston Turner",11.55,0.0718,0.0256,0.0313953488372093,25,-0.39,-0.27,-0.61,-0.18,-0.5
"695","Steve Kerr",11.55,0.1322,0.043,0.0253125,99,-0.39,1.03,-0.11,-0.3,-0.25
"696","Derek Fisher",11.55,0.1022,0.0564,0.0573359073359073,253,-0.39,0.38,0.28,0.32,-0.05
"697","Clyde Lovellette",11.54,0.0275,0.0121,0,22,-0.39,-1.22,-0.99,-0.78,-0.69
"698","Trent Tucker",11.52,0.0771,0.0258,0.0327272727272727,50,-0.4,-0.16,-0.6,-0.16,-0.5
"699","Paul Mokeski",11.51,0.106,0.0261,0.0156521739130435,24,-0.4,0.47,-0.59,-0.48,-0.5
"700","Brian Grant",11.51,0.0987,0.0552,0.0418965517241379,50,-0.4,0.31,0.24,0.02,-0.08
"701","Austin Rivers",11.49,0.0198,0.0087,-0.0117391304347826,20,-0.41,-1.39,-1.09,-1.01,-0.75
"702","Mahmoud Abdul-Rauf",11.48,0.0231,0.0133,-0.036,12,-0.41,-1.32,-0.96,-1.47,-0.68
"703","Kevin Gamble",11.46,0.0572,0.029,0.0348387096774194,25,-0.41,-0.58,-0.51,-0.12,-0.46
"704","Grant Long",11.45,0.0569,0.0333,0.0321428571428571,29,-0.42,-0.59,-0.39,-0.17,-0.4
"705","Cliff Levingston",11.44,0.1009,0.0268,0.0230487804878049,52,-0.42,0.36,-0.57,-0.34,-0.5
"706","Darren Daye",11.44,0.0645,0.0147,0.00794117647058824,23,-0.42,-0.43,-0.92,-0.63,-0.67
"707","Guy Rodgers",11.43,0.0401,0.0283,0,36,-0.42,-0.95,-0.53,-0.78,-0.48
"708","John Johnson",11.42,0.0456,0.026,0.0258904109589041,73,-0.42,-0.83,-0.59,-0.29,-0.5
"709","Derrick McKey",11.42,0.0824,0.0458,0.0836619718309859,134,-0.42,-0.04,-0.03,0.82,-0.22
"710","Dee Brown",11.41,0.0633,0.0282,0.0415384615384615,25,-0.43,-0.45,-0.53,0.01,-0.48
"711","Ian Mahinmi",11.41,0.102,0.0254,0.0161194029850746,26,-0.43,0.38,-0.61,-0.47,-0.52
"712","Jonas Jerebko",11.41,0.0879,0.025,0.016875,18,-0.43,0.08,-0.62,-0.46,-0.52
"713","Wayne Cooper",11.4,0.0677,0.0243,0.0145945945945946,53,-0.43,-0.36,-0.64,-0.5,-0.54
"714","Danny Young",11.4,0.0744,0.0208,0.00509433962264151,35,-0.43,-0.21,-0.74,-0.69,-0.58
"715","Nicolas Batum",11.4,0.0453,0.0282,0.0484615384615385,33,-0.43,-0.84,-0.53,0.15,-0.48
"716","Bill Bradley",11.39,0.0729,0.0505,-0.0113684210526316,86,-0.43,-0.25,0.11,-1,-0.16
"717","Anthony Johnson",11.35,0.0887,0.029,0.0216,63,-0.44,0.09,-0.51,-0.37,-0.48
"718","Udonis Haslem",11.35,0.1097,0.0497,0.0128571428571429,138,-0.44,0.55,0.09,-0.54,-0.18
"719","Shannon Brown",11.35,0.0752,0.0218,0,54,-0.44,-0.2,-0.72,-0.78,-0.58
"720","Larry Foust",11.34,0.0653,0.02,0,12,-0.45,-0.41,-0.77,-0.78,-0.61
"721","Anthony Parker",11.34,0.0876,0.0636,0.0490909090909091,22,-0.45,0.07,0.49,0.16,0.02
"722","Wally Szczerbiak",11.3,0.0697,0.0389,0.015,50,-0.46,-0.32,-0.22,-0.5,-0.34
"723","Jae Crowder",11.3,0.0666,0.0391,0.0469565217391304,35,-0.46,-0.38,-0.22,0.12,-0.34
"724","Joe Ingles",11.3,0.0737,0.05,0.110454545454545,22,-0.46,-0.23,0.09,1.33,-0.18
"725","Johnny High",11.29,0.0851,0.0278,0.045,15,-0.46,0.02,-0.54,0.08,-0.5
"726","Tom Hawkins",11.28,0.0755,0.0344,0,89,-0.46,-0.19,-0.35,-0.78,-0.4
"727","Tony Battie",11.28,0.1056,0.0357,0.0192857142857143,26,-0.46,0.46,-0.32,-0.41,-0.39
"728","Keith Van Horn",11.28,0.0525,0.0281,0.0189473684210526,51,-0.46,-0.69,-0.53,-0.42,-0.5
"729","Mickey Davis",11.27,0.0963,0.0286,0,15,-0.46,0.26,-0.52,-0.78,-0.49
"730","David Wesley",11.24,0.0521,0.0382,0.0245454545454545,52,-0.47,-0.69,-0.24,-0.31,-0.36
"731","Delonte West",11.24,0.0826,0.05,0.0512068965517241,54,-0.47,-0.04,0.09,0.2,-0.19
"732","Charles Pittman",11.23,0.0571,0.019,0.0128571428571429,17,-0.47,-0.59,-0.8,-0.54,-0.64
"733","Gene Conley",11.22,0.1034,0.0318,0,13,-0.48,0.41,-0.43,-0.78,-0.45
"734","Danny Schayes",11.22,0.0881,0.0377,0.0195652173913043,48,-0.48,0.08,-0.26,-0.41,-0.37
"735","Muggsy Bogues",11.2,0.0527,0.0368,0.0284210526315789,13,-0.48,-0.68,-0.28,-0.24,-0.38
"736","Kurt Thomas",11.2,0.0836,0.0344,0.016875,80,-0.48,-0.02,-0.35,-0.46,-0.42
"737","Paul Silas",11.19,0.0863,0.0509,0.0430674846625767,152,-0.49,0.04,0.12,0.04,-0.18
"738","Kenny Carr",11.19,0.0484,0.0257,0.00771428571428572,33,-0.49,-0.77,-0.6,-0.64,-0.54
"739","Rodney McCray",11.19,0.1105,0.0826,0.0939130434782609,39,-0.49,0.56,1.03,1.02,0.27
"740","Isaac Austin",11.17,0.0478,0.02,-0.0135,19,-0.49,-0.79,-0.77,-1.04,-0.63
"741","Danny Granger",11.17,0.0908,0.0486,0.0771428571428572,35,-0.49,0.14,0.05,0.7,-0.22
"742","Sleepy Floyd",11.16,0.0694,0.0417,0.045,22,-0.49,-0.32,-0.14,0.08,-0.32
"743","Johnny Newman",11.13,0.0451,0.0205,0.0276923076923077,32,-0.5,-0.85,-0.75,-0.25,-0.62
"744","Gerald Wallace",11.13,0.1115,0.0485,0.0572727272727273,17,-0.5,0.59,0.05,0.31,-0.22
"745","Mickael Pietrus",11.11,0.1182,0.0536,0.0586956521739131,69,-0.51,0.73,0.2,0.34,-0.16
"746","Patrick Beverley",11.11,0.0673,0.0429,0.0675,28,-0.51,-0.37,-0.11,0.51,-0.31
"747","Dave Corzine",11.1,0.036,0.0147,0.00794117647058824,48,-0.51,-1.04,-0.92,-0.63,-0.72
"748","Quinton Ross",11.1,0.098,0.05,0.045,12,-0.51,0.29,0.09,0.08,-0.21
"749","Daniel Gibson",11.1,0.1471,0.054,0.0324,45,-0.51,1.35,0.21,-0.16,-0.15
"750","Jim Davis",11.09,0.1005,0.0242,0.00818181818181818,14,-0.51,0.35,-0.65,-0.63,-0.58
"751","Eric Williams",11.09,0.1144,0.0731,0.0623076923076923,26,-0.51,0.65,0.76,0.41,0.12
"752","James Edwards",11.08,0.0716,0.0297,-0.00972972972972973,91,-0.51,-0.27,-0.49,-0.97,-0.5
"753","Alvin Williams",11.07,0.0562,0.0444,0.03,17,-0.52,-0.61,-0.07,-0.21,-0.3
"754","Dahntay Jones",11.06,0.0845,0.0149,0.00364864864864865,16,-0.52,0,-0.91,-0.71,-0.72
"755","Gerald Henderson",11.04,0.0624,0.0243,0.0209708737864078,82,-0.53,-0.47,-0.64,-0.38,-0.58
"756","Freddie Crawford",11.03,0.0317,0.0114,0,29,-0.53,-1.13,-1.01,-0.78,-0.77
"757","Charles Johnson",11,0.0446,0.0188,0.00317647058823529,79,-0.54,-0.86,-0.8,-0.72,-0.67
"758","Kyle Korver",11,0.0867,0.0449,0.0467716535433071,121,-0.54,0.05,-0.05,0.11,-0.3
"759","Quincy Pondexter",10.99,0.1192,0.0517,0.0651724137931035,26,-0.54,0.75,0.14,0.47,-0.2
"760","Jason Williams",10.97,0.0582,0.0313,0.0282089552238806,67,-0.54,-0.56,-0.44,-0.24,-0.49
"761","Rudy Tomjanovich",10.96,0.0876,0.0514,0.0291891891891892,27,-0.55,0.07,0.13,-0.22,-0.21
"762","Hedo Turkoglu",10.96,0.0595,0.0339,0.0495412844036697,93,-0.55,-0.54,-0.37,0.17,-0.46
"763","Corey Brewer",10.96,0.0357,0.0149,0.00574468085106383,36,-0.55,-1.05,-0.91,-0.67,-0.73
"764","Haywoode Workman",10.94,0.07,0.0317,0.0263414634146341,33,-0.55,-0.31,-0.43,-0.28,-0.49
"765","Wesley Matthews",10.94,0.0328,0.025,0.0421875,32,-0.55,-1.11,-0.62,0.03,-0.58
"766","Larry Steele",10.93,0.0914,0.037,0.01,24,-0.55,0.15,-0.28,-0.59,-0.42
"767","Brian Shaw",10.93,0.0452,0.0181,0.012755905511811,119,-0.55,-0.84,-0.82,-0.54,-0.68
"768","Allen Crabbe",10.92,0.0776,0.0412,0.0476470588235294,11,-0.56,-0.15,-0.16,0.13,-0.36
"769","Winston Garland",10.9,0.0372,0.02,0.0135,20,-0.56,-1.02,-0.77,-0.52,-0.66
"770","Harrison Barnes",10.9,0.08,0.0531,0.04640625,64,-0.56,-0.09,0.18,0.11,-0.19
"771","Thomas Robinson",10.9,0.0393,0.0091,0.0245454545454545,11,-0.56,-0.97,-1.08,-0.31,-0.82
"772","Rory Sparrow",10.87,0.0307,0.0167,0,25,-0.57,-1.16,-0.86,-0.78,-0.72
"773","Bob Wilkerson",10.85,0.0212,0.0136,0.0122727272727273,22,-0.58,-1.36,-0.95,-0.55,-0.76
"774","Jim Paxson",10.82,0.065,0.0283,0,36,-0.58,-0.42,-0.53,-0.78,-0.55
"775","Jeff Green",10.81,0.0624,0.0357,0.0192857142857143,56,-0.59,-0.47,-0.32,-0.41,-0.45
"776","Devean George",10.77,0.0649,0.0233,0.0219767441860465,65,-0.6,-0.42,-0.67,-0.36,-0.64
"777","Chris Ford",10.75,0.0715,0.0379,0.0418965517241379,50,-0.6,-0.28,-0.25,0.02,-0.42
"778","Kevin Grevey",10.74,0.0502,0.0243,0,56,-0.6,-0.74,-0.64,-0.78,-0.62
"779","Andre Roberson",10.74,0.0938,0.052,0.108,23,-0.6,0.2,0.15,1.29,-0.22
"780","Bojan Bogdanovic",10.73,0.0542,0.0308,0,26,-0.61,-0.65,-0.46,-0.78,-0.54
"781","Dennis Awtrey",10.72,0.1022,0.0361,0.00442622950819672,43,-0.61,0.38,-0.3,-0.7,-0.45
"782","Pete Chilcutt",10.71,0.0865,0.0286,0.0128571428571429,20,-0.61,0.05,-0.52,-0.54,-0.56
"783","J.J. Redick",10.71,0.0739,0.0398,0.0247959183673469,91,-0.61,-0.23,-0.2,-0.31,-0.4
"784","C.J. Watson",10.71,0.0538,0.0188,-0.005625,32,-0.61,-0.66,-0.8,-0.89,-0.7
"785","Cuttino Mobley",10.7,0.0308,0.0231,0.0207692307692308,22,-0.62,-1.15,-0.68,-0.39,-0.65
"786","O.J. Mayo",10.7,0.0352,0.0192,0.0311538461538462,26,-0.62,-1.06,-0.79,-0.19,-0.7
"787","Ervin Johnson",10.68,0.1183,0.0506,0.0455844155844156,59,-0.62,0.73,0.11,0.09,-0.26
"788","Justise Winslow",10.68,0.0844,0.0444,0.045,18,-0.62,0,-0.07,0.08,-0.34
"789","Mike Riordan",10.67,0.0728,0.0298,-0.00321428571428571,76,-0.62,-0.25,-0.49,-0.84,-0.55
"790","Marcus Morris",10.67,0.0408,0.0261,-0.0117391304347826,23,-0.62,-0.94,-0.59,-1.01,-0.6
"791","Evan Turner",10.66,0.0116,0.0064,0,39,-0.63,-1.57,-1.16,-0.78,-0.9
"792","Reggie Evans",10.65,0.0829,0.0333,-0.012,35,-0.63,-0.03,-0.39,-1.01,-0.51
"793","Leroy Ellis",10.64,0.0323,0.0156,0,56,-0.63,-1.12,-0.89,-0.78,-0.76
"794","Chuck Person",10.64,0.0793,0.0431,0.0635294117647059,49,-0.63,-0.11,-0.1,0.43,-0.36
"795","Scott Brooks",10.64,0.0406,0.0088,-0.0158823529411765,12,-0.63,-0.94,-1.09,-1.09,-0.86
"796","Chucky Brown",10.64,0.0664,0.022,-0.0131707317073171,29,-0.63,-0.39,-0.71,-1.04,-0.67
"797","Rick Fox",10.64,0.0855,0.0405,0.0583783783783784,79,-0.63,0.02,-0.18,0.34,-0.4
"798","Aaron Williams",10.63,0.1053,0.0377,0.0152830188679245,50,-0.63,0.45,-0.26,-0.49,-0.44
"799","Don Ford",10.62,0.0599,0.03,0.027,19,-0.64,-0.53,-0.48,-0.27,-0.56
"800","David Wingate",10.62,0.0814,0.0254,0.0228813559322034,31,-0.64,-0.06,-0.61,-0.34,-0.62
"801","Lionel Hollins",10.61,0.0398,0.0247,0.0175324675324675,67,-0.64,-0.96,-0.63,-0.45,-0.64
"802","J.R. Reid",10.58,0.0796,0.0277,0.0229787234042553,42,-0.65,-0.1,-0.55,-0.34,-0.6
"803","Darwin Cook",10.57,-0.0091,-0.004,-0.0108,11,-0.65,-2.01,-1.46,-0.99,-1.05
"804","Vincent Askew",10.57,0.0475,0.014,0.0054,19,-0.65,-0.79,-0.94,-0.68,-0.8
"805","Mark Eaton",10.56,0.0878,0.0568,0.0912162162162162,71,-0.65,0.07,0.29,0.97,-0.18
"806","Willie Naulls",10.55,0.0682,0.0182,0,22,-0.66,-0.35,-0.82,-0.78,-0.74
"807","Patrick Patterson",10.55,0.0806,0.0404,0.0459574468085106,41,-0.66,-0.08,-0.18,0.1,-0.42
"808","Luc Longley",10.52,0.0677,0.031,0.0341379310344828,84,-0.66,-0.36,-0.45,-0.13,-0.56
"809","Eduardo Najera",10.52,0.0568,0.0186,0.0228813559322034,27,-0.66,-0.59,-0.81,-0.34,-0.74
"810","Gary Neal",10.52,0.035,0.0133,-0.012,45,-0.66,-1.06,-0.96,-1.01,-0.81
"811","Bill Hanzlik",10.51,0.0543,0.0242,0.0217741935483871,51,-0.67,-0.65,-0.65,-0.37,-0.66
"812","Stacey Augmon",10.51,0.0652,0.026,0.0105194805194805,50,-0.67,-0.41,-0.59,-0.58,-0.63
"813","Jordan Farmar",10.51,0.0251,0.0082,0.0036986301369863,73,-0.67,-1.28,-1.11,-0.71,-0.89
"814","Herm Gilliam",10.5,0.0064,0.0028,-0.0225,30,-0.67,-1.68,-1.26,-1.21,-0.97
"815","Eric Snow",10.48,0.0544,0.0272,0.0131067961165049,85,-0.67,-0.65,-0.56,-0.53,-0.62
"816","Chucky Atkins",10.48,0.0454,0.0222,0,35,-0.67,-0.84,-0.7,-0.78,-0.68
"817","Kevin Loughery",10.47,0.0286,0.0163,0,38,-0.68,-1.2,-0.87,-0.78,-0.78
"818","Greg Anthony",10.47,0.0691,0.0225,0.0185294117647059,100,-0.68,-0.33,-0.7,-0.43,-0.69
"819","Adrian Smith",10.46,0.0257,0.0111,0,25,-0.68,-1.26,-1.02,-0.78,-0.85
"820","Jim Petersen",10.45,0.0975,0.0348,0.0176086956521739,39,-0.68,0.28,-0.34,-0.45,-0.51
"821","Dell Curry",10.45,0.0593,0.0216,0.0211764705882353,34,-0.68,-0.54,-0.72,-0.38,-0.7
"822","Louis Orr",10.44,0.0244,0.0091,-0.0122727272727273,18,-0.68,-1.29,-1.08,-1.02,-0.88
"823","Doug Christie",10.44,0.0835,0.0569,0.116379310344828,48,-0.68,-0.02,0.29,1.45,-0.2
"824","Clarence Weatherspoon",10.43,0.063,0.0222,-0.03,15,-0.69,-0.46,-0.7,-1.36,-0.7
"825","Chuck Hayes",10.43,0.1209,0.0419,0.0435483870967742,26,-0.69,0.79,-0.14,0.05,-0.42
"826","John Lambert",10.39,0.0768,0.0143,0,15,-0.7,-0.16,-0.93,-0.78,-0.82
"827","Jared Jeffries",10.38,0.0661,0.032,0.0216,16,-0.7,-0.39,-0.42,-0.37,-0.56
"828","Tom Sanders",10.37,0.1023,0.05,0,125,-0.7,0.39,0.09,-0.78,-0.3
"829","Dave Greenwood",10.37,0.0803,0.0409,0.0245454545454545,13,-0.7,-0.09,-0.17,-0.31,-0.44
"830","Clint Richardson",10.37,0.0865,0.0347,0.0375,65,-0.7,0.05,-0.34,-0.06,-0.52
"831","Jim Brewer",10.36,0.1164,0.0581,0.0783870967741936,16,-0.71,0.69,0.33,0.72,-0.19
"832","Bo Ellis",10.36,0.0495,0.0133,0,12,-0.71,-0.75,-0.96,-0.78,-0.84
"833","Willie Anderson",10.36,0.0632,0.0288,0.0311538461538462,37,-0.71,-0.46,-0.51,-0.19,-0.61
"834","Jon Barry",10.36,0.0879,0.0274,0.0348387096774194,41,-0.71,0.08,-0.55,-0.12,-0.63
"835","Mike Miller",10.36,0.0649,0.0223,0.0229787234042553,77,-0.71,-0.42,-0.7,-0.34,-0.7
"836","Caldwell Jones",10.35,0.09,0.0546,0.0567226890756303,97,-0.71,0.12,0.23,0.3,-0.24
"837","Don Chaney",10.34,0.0889,0.0486,0.0424285714285714,63,-0.71,0.1,0.05,0.03,-0.33
"838","Billy Paultz",10.34,0.0653,0.0314,0.0192857142857143,58,-0.71,-0.41,-0.44,-0.41,-0.57
"839","Jason Caffey",10.34,0.0724,0.02,0.00771428571428572,18,-0.71,-0.26,-0.77,-0.64,-0.74
"840","Clyde Lee",10.31,0.0275,0.0157,0,43,-0.72,-1.22,-0.89,-0.78,-0.8
"841","P.J. Tucker",10.31,0.0995,0.063,0.07,27,-0.72,0.33,0.47,0.56,-0.12
"842","Tom Gola",10.29,0.0797,0.0619,0,21,-0.72,-0.1,0.44,-0.78,-0.14
"843","Oliver Miller",10.29,0.0792,0.0245,0.0551020408163265,34,-0.72,-0.11,-0.64,0.27,-0.68
"844","Blue Edwards",10.27,0.0399,0.0176,0.0555882352941177,25,-0.73,-0.96,-0.84,0.28,-0.78
"845","Courtney Lee",10.27,0.0735,0.044,0.0486,46,-0.73,-0.23,-0.08,0.15,-0.4
"846","Alvin Scott",10.26,0.0492,0.0148,0.0177049180327869,37,-0.73,-0.76,-0.92,-0.44,-0.82
"847","David Benoit",10.25,0.0388,0.0175,0.00947368421052632,53,-0.73,-0.98,-0.84,-0.6,-0.78
"848","Jeremy Lin",10.25,0.0107,0.0059,0,13,-0.73,-1.59,-1.17,-0.78,-0.95
"849","Dick Van Arsdale",10.23,0.0545,0.0324,-0.00794117647058824,30,-0.74,-0.64,-0.41,-0.94,-0.57
"850","Clifford Robinson",10.23,0.0259,0.0149,0.0229787234042553,129,-0.74,-1.26,-0.91,-0.34,-0.82
"851","Chris Childs",10.23,0.0639,0.0356,0.0406849315068493,73,-0.74,-0.44,-0.32,0,-0.53
"852","Mason Plumlee",10.23,0.0614,0.0222,0.04,21,-0.74,-0.49,-0.7,-0.02,-0.72
"853","Jay Vincent",10.22,0.0247,0.0132,-0.0284210526315789,32,-0.74,-1.29,-0.96,-1.33,-0.85
"854","Ricky Davis",10.21,0,0,-0.0245454545454545,11,-0.75,-1.82,-1.34,-1.25,-1.04
"855","Keyon Dooling",10.2,0.0956,0.0254,0.0128571428571429,45,-0.75,0.24,-0.61,-0.54,-0.68
"856","Willie Green",10.17,0,0,-0.015,12,-0.76,-1.82,-1.34,-1.07,-1.05
"857","Kelly Oubre",10.17,0.0578,0.0222,0,18,-0.76,-0.57,-0.7,-0.78,-0.73
"858","Henry Bibby",10.15,0.0358,0.0181,-0.0075,56,-0.76,-1.05,-0.82,-0.93,-0.79
"859","Mark Blount",10.15,0.0647,0.0227,0.0122727272727273,14,-0.76,-0.42,-0.69,-0.55,-0.72
"860","Hub Reed",10.11,0.0177,0.0059,0,12,-0.77,-1.44,-1.17,-0.78,-0.97
"861","Reggie Williams",10.1,0.0535,0.025,0.045,12,-0.77,-0.66,-0.62,0.08,-0.7
"862","Darrell Armstrong",10.08,0.0471,0.0216,0.0370588235294118,31,-0.78,-0.8,-0.72,-0.07,-0.75
"863","Rudy Fernandez",10.07,0.0398,0.0167,0.015,12,-0.78,-0.96,-0.86,-0.5,-0.82
"864","Von Wafer",10.07,0.05,0.0118,-0.0158823529411765,13,-0.78,-0.74,-1,-1.09,-0.89
"865","Bill Cartwright",10.06,0.0755,0.0444,0.0108870967741935,118,-0.79,-0.19,-0.07,-0.57,-0.43
"866","Bill Willoughby",10.05,0.043,0.0167,0.01125,19,-0.79,-0.89,-0.86,-0.57,-0.82
"867","Andrea Bargnani",10.05,0.0337,0.0182,0,11,-0.79,-1.09,-0.82,-0.78,-0.8
"868","Brad Sellers",10.04,0.0478,0.0143,-0.00964285714285714,23,-0.79,-0.79,-0.93,-0.97,-0.86
"869","Chico Vaughn",10.03,0.0761,0.037,0,23,-0.79,-0.18,-0.28,-0.78,-0.54
"870","Lamond Murray",10.01,0.055,0.0214,-0.0192857142857143,11,-0.8,-0.63,-0.73,-1.15,-0.76
"871","Marvin Williams",10.01,0.0351,0.0184,-0.00551020408163265,43,-0.8,-1.06,-0.81,-0.89,-0.8
"872","Mike Bantom",10,0.034,0.0138,0.0279310344827586,27,-0.8,-1.08,-0.95,-0.25,-0.88
"873","Adrian Griffin",10,0.1063,0.0292,0.039375,20,-0.8,0.47,-0.5,-0.03,-0.65
"874","Norman Powell",10,0.0406,0.0121,0,27,-0.8,-0.94,-0.99,-0.78,-0.9
"875","Quentin Richardson",9.99,0.0694,0.0361,0.06,20,-0.8,-0.32,-0.3,0.37,-0.55
"876","John Paxson",9.98,0.1009,0.0462,0.00680672268907563,104,-0.81,0.36,-0.01,-0.65,-0.41
"877","Bob Hansen",9.97,0.0623,0.0286,0.0330612244897959,28,-0.81,-0.47,-0.52,-0.15,-0.66
"878","Fred Roberts",9.96,0.0497,0.0164,0.00805970149253731,42,-0.81,-0.75,-0.87,-0.63,-0.84
"879","Jumaine Jones",9.96,0.0596,0.0207,0.00931034482758621,23,-0.81,-0.53,-0.75,-0.6,-0.78
"880","Jeff Wilkins",9.92,0.0603,0.025,-0.0225,21,-0.82,-0.52,-0.62,-1.21,-0.72
"881","Ron Anderson",9.91,0.0309,0.0148,-0.01,21,-0.82,-1.15,-0.92,-0.97,-0.87
"882","Joe Smith",9.91,0.0934,0.0339,0.00870967741935484,40,-0.82,0.2,-0.37,-0.62,-0.6
"883","Ed Nealy",9.88,0.0894,0.0212,0,15,-0.83,0.11,-0.73,-0.78,-0.78
"884","Tyrone Hill",9.88,0.0564,0.0297,-0.0145945945945946,58,-0.83,-0.6,-0.49,-1.06,-0.66
"885","Josh Richardson",9.88,0.0836,0.0474,0.0710526315789474,19,-0.83,-0.02,0.02,0.58,-0.4
"886","Dennis Scott",9.87,0.0431,0.0289,0.024,33,-0.84,-0.89,-0.51,-0.32,-0.68
"887","Sherman Douglas",9.84,0,0,0.0158823529411765,11,-0.84,-1.82,-1.34,-0.48,-1.09
"888","Mark West",9.83,0.093,0.0358,0.0312631578947368,52,-0.85,0.19,-0.31,-0.18,-0.58
"889","M.L. Carr",9.82,0.0478,0.0149,0,41,-0.85,-0.79,-0.91,-0.78,-0.88
"890","Drazen Petrovic",9.81,0.0079,0.0034,-0.0279310344827586,29,-0.85,-1.65,-1.24,-1.32,-1.04
"891","Francisco Elson",9.78,0.0906,0.0233,0,20,-0.86,0.13,-0.67,-0.78,-0.76
"892","Iman Shumpert",9.77,0.0992,0.0493,0.0608450704225352,70,-0.86,0.32,0.07,0.38,-0.4
"893","Luke Walton",9.74,0.0524,0.0159,0.0184090909090909,54,-0.87,-0.69,-0.88,-0.43,-0.88
"894","Brandon Jennings",9.74,0.034,0.016,0.0216,24,-0.87,-1.08,-0.88,-0.37,-0.88
"895","C.J. McCollum",9.72,0.0518,0.0333,0.018,24,-0.88,-0.7,-0.39,-0.44,-0.64
"896","Don Buse",9.67,0.0664,0.0371,0.0308571428571429,23,-0.89,-0.39,-0.28,-0.19,-0.58
"897","Thabo Sefolosha",9.67,0.0762,0.0304,0.0440217391304348,79,-0.89,-0.18,-0.47,0.06,-0.68
"898","Coby Dietrick",9.64,0.046,0.0179,0,14,-0.9,-0.83,-0.83,-0.78,-0.86
"899","Stacey King",9.61,0.0467,0.0115,-0.0177049180327869,35,-0.9,-0.81,-1.01,-1.12,-0.96
"900","Bucky Bockhorn",9.6,0.0222,0.0154,0,26,-0.91,-1.34,-0.9,-0.78,-0.9
"901","Royce O'Neale",9.6,0.0741,0.0364,0.0490909090909091,11,-0.91,-0.22,-0.3,0.16,-0.6
"902","Dwight Jones",9.59,0.0519,0.0222,0.01,18,-0.91,-0.7,-0.7,-0.59,-0.8
"903","Avery Bradley",9.59,0.0115,0.0077,0,38,-0.91,-1.57,-1.12,-0.78,-1.02
"904","Frank Johnson",9.54,0.0479,0.0148,0.01,11,-0.92,-0.79,-0.92,-0.59,-0.92
"905","Scot Pollard",9.54,0.1151,0.0267,0.018,23,-0.92,0.66,-0.57,-0.44,-0.74
"906","Paul Neumann",9.53,0.0711,0.031,0,25,-0.93,-0.29,-0.45,-0.78,-0.69
"907","Vernon Maxwell",9.5,0.0146,0.0102,0,44,-0.93,-1.5,-1.05,-0.78,-0.99
"908","Cornell Warner",9.48,0.0684,0.0381,0,16,-0.94,-0.34,-0.25,-0.78,-0.6
"909","Damon Jones",9.48,0.1191,0.0492,0.0411864406779661,54,-0.94,0.75,0.07,0.01,-0.43
"910","Matt Barnes",9.46,0.0604,0.0284,0.0483157894736842,83,-0.94,-0.52,-0.53,0.14,-0.74
"911","Martell Webster",9.45,0.0547,0.0222,0.015,17,-0.95,-0.64,-0.7,-0.5,-0.82
"912","Manute Bol",9.43,0.029,0.0103,0.00931034482758621,21,-0.95,-1.19,-1.05,-0.6,-1
"913","Terry Catledge",9.43,0.033,0.0158,-0.0426315789473684,11,-0.95,-1.11,-0.89,-1.6,-0.92
"914","Fred Jones",9.41,0.0795,0.0333,0.0245454545454545,33,-0.96,-0.1,-0.39,-0.31,-0.68
"915","Rick Robey",9.4,0.0472,0.0113,0,38,-0.96,-0.8,-1.02,-0.78,-0.99
"916","Al Harrington",9.4,0.0342,0.0145,-0.00490909090909091,40,-0.96,-1.08,-0.92,-0.88,-0.94
"917","Shawn Bradley",9.39,0.0689,0.0186,0.0188372093023256,27,-0.96,-0.33,-0.81,-0.42,-0.88
"918","Chris Kaman",9.38,0.0244,0.0111,0,11,-0.97,-1.29,-1.02,-0.78,-1
"919","Ronny Turiaf",9.38,0.0652,0.0149,0.00574468085106383,12,-0.97,-0.41,-0.91,-0.67,-0.94
"920","Joel Anthony",9.33,0.1037,0.0379,0.0368181818181818,38,-0.98,0.42,-0.25,-0.08,-0.62
"921","Bill Hewitt",9.3,0.035,0.02,0,15,-0.99,-1.06,-0.77,-0.78,-0.88
"922","Dion Waiters",9.3,0.0684,0.0389,0.03,18,-0.99,-0.34,-0.22,-0.21,-0.6
"923","Don Adams",9.28,0,0,0.0122727272727273,22,-0.99,-1.82,-1.34,-0.55,-1.17
"924","Gerald Green",9.28,0.0477,0.0123,-0.0236842105263158,39,-0.99,-0.79,-0.99,-1.24,-0.99
"925","Rasual Butler",9.26,0.0398,0.0093,0,17,-1,-0.96,-1.07,-0.78,-1.04
"926","Rasho Nesterovic",9.21,0.0479,0.0172,0.00421875,29,-1.01,-0.79,-0.85,-0.7,-0.93
"927","Craig Hodges",9.2,0.056,0.0238,0.016039603960396,84,-1.01,-0.61,-0.66,-0.48,-0.84
"928","Al Attles",9.19,0.0606,0.0306,0,58,-1.02,-0.51,-0.46,-0.78,-0.74
"929","Josh McRoberts",9.18,0.0877,0.028,0.0432,14,-1.02,0.07,-0.54,0.05,-0.78
"930","Sasha Vujacic",9.16,0.0553,0.0169,0.00830769230769231,51,-1.02,-0.63,-0.86,-0.62,-0.94
"931","Dick Snyder",9.15,0.0587,0.0226,0,13,-1.03,-0.55,-0.69,-0.78,-0.86
"932","Stephon Marbury",9.15,-0.0256,-0.0156,-0.0084375,32,-1.03,-2.37,-1.79,-0.95,-1.41
"933","Gene Wiley",9.14,0.0338,0.0185,0,20,-1.03,-1.09,-0.81,-0.78,-0.92
"934","Terry Teagle",9.14,0.0108,0.0044,-0.036,40,-1.03,-1.58,-1.21,-1.47,-1.12
"935","Kenny Anderson",9.12,0.0669,0.0389,0.0075,24,-1.03,-0.38,-0.22,-0.64,-0.62
"936","Eddie House",9.11,0.0353,0.0076,0,14,-1.04,-1.06,-1.12,-0.78,-1.08
"937","Wayman Tisdale",9.1,0.0126,0.0045,-0.0245454545454545,14,-1.04,-1.55,-1.21,-1.25,-1.12
"938","Ralph Simpson",9.09,-0.019,-0.0059,-0.0476470588235294,13,-1.04,-2.23,-1.51,-1.7,-1.27
"939","D.J. Augustin",9.08,0.0453,0.0179,-0.00964285714285714,24,-1.05,-0.84,-0.83,-0.97,-0.94
"940","K.C. Jones",9.07,0.095,0.0495,0,97,-1.05,0.23,0.08,-0.78,-0.49
"941","Dick Garrett",9.07,0.0899,0.0462,0,18,-1.05,0.12,-0.01,-0.78,-0.53
"942","Sam Bowie",9.06,0.0373,0.0172,0.00931034482758621,23,-1.05,-1.01,-0.85,-0.6,-0.95
"943","Wally Walker",9.05,0.0711,0.0172,0.00421875,41,-1.05,-0.29,-0.85,-0.7,-0.95
"944","Antoine Wright",9.03,0.0968,0.025,0.00964285714285714,22,-1.06,0.27,-0.62,-0.6,-0.84
"945","Jim Chones",8.95,0.0501,0.0278,-0.015,23,-1.08,-0.74,-0.54,-1.07,-0.81
"946","Earl Cureton",8.95,0.0408,0.0093,-0.005,13,-1.08,-0.94,-1.07,-0.88,-1.08
"947","C.J. Miles",8.94,0.0291,0.0114,0.00613636363636364,20,-1.08,-1.19,-1.01,-0.67,-1.04
"948","Dean Meminger",8.93,0.0616,0.0222,-0.006,45,-1.09,-0.49,-0.7,-0.9,-0.9
"949","Ronald Murray",8.92,0.0186,0.0089,0,36,-1.09,-1.42,-1.09,-0.78,-1.09
"950","Darrell Walker",8.86,-0.0472,-0.0147,0.00794117647058824,17,-1.1,-2.83,-1.76,-0.63,-1.43
"951","Derek Anderson",8.85,0.0104,0.0042,0,11,-1.11,-1.59,-1.22,-0.78,-1.17
"952","Ramon Sessions",8.84,0.008,0.0045,-0.0368181818181818,22,-1.11,-1.64,-1.21,-1.49,-1.16
"953","Kendrick Perkins",8.81,0.0598,0.0294,0.0320979020979021,129,-1.12,-0.53,-0.5,-0.17,-0.81
"954","Hot Rod Hundley",8.79,-0.017,-0.0075,0,33,-1.12,-2.18,-1.56,-0.78,-1.34
"955","Quinn Buckner",8.79,0.0272,0.0088,0.00397058823529412,46,-1.12,-1.23,-1.09,-0.71,-1.1
"956","Tyler Hansbrough",8.78,0.0294,0.0091,-0.0122727272727273,35,-1.12,-1.18,-1.08,-1.02,-1.1
"957","Jon Koncak",8.75,0.0747,0.0302,0.0305660377358491,42,-1.13,-0.21,-0.47,-0.2,-0.8
"958","Jason Smith",8.71,0.0642,0.0154,0,13,-1.14,-0.43,-0.9,-0.78,-1.02
"959","Kevin Duckworth",8.7,0.0098,0.006,-0.0322388059701493,56,-1.15,-1.61,-1.17,-1.4,-1.16
"960","James Jones",8.66,0.0993,0.0277,0.0145945945945946,83,-1.16,0.32,-0.55,-0.5,-0.86
"961","Johnny McCarthy",8.65,0.0415,0.0259,0,26,-1.16,-0.92,-0.6,-0.78,-0.88
"962","Tom LaGarde",8.65,0.04,0.0087,-0.0117391304347826,14,-1.16,-0.96,-1.09,-1.01,-1.12
"963","Em Bryant",8.64,0.0443,0.0259,0,18,-1.16,-0.86,-0.6,-0.78,-0.88
"964","Ryan Anderson",8.63,0.0617,0.0261,0.0176086956521739,22,-1.16,-0.49,-0.59,-0.45,-0.88
"965","Mike Brown",8.62,0.0683,0.0227,0,25,-1.17,-0.35,-0.69,-0.78,-0.93
"966","Shane Battier",8.62,0.0792,0.0446,0.0795535714285714,108,-1.17,-0.11,-0.06,0.74,-0.62
"967","Al Ferrari",8.61,0.0642,0.0211,0,19,-1.17,-0.43,-0.74,-0.78,-0.96
"968","Kareem Rush",8.59,0.0253,0.0065,-0.00870967741935484,22,-1.18,-1.27,-1.15,-0.95,-1.17
"969","Anthony Bowie",8.57,0.0774,0.0125,0,12,-1.18,-0.15,-0.98,-0.78,-1.08
"970","Shandon Anderson",8.57,0.0527,0.0189,0.0182432432432432,53,-1.18,-0.68,-0.8,-0.43,-0.99
"971","Solomon Hill",8.55,0.1227,0.0471,0.0317647058823529,16,-1.19,0.83,0.01,-0.17,-0.59
"972","Larry Krystkowiak",8.54,0.0364,0.02,0.0135,13,-1.19,-1.03,-0.77,-0.52,-0.98
"973","Kent Benson",8.53,0.0889,0.0276,0.00931034482758621,23,-1.19,0.1,-0.55,-0.6,-0.87
"974","Matt Maloney",8.53,0.0139,0.0095,0,21,-1.19,-1.52,-1.07,-0.78,-1.13
"975","Ken Charles",8.51,-0.0105,-0.0056,-0.015,16,-1.2,-2.04,-1.5,-1.07,-1.35
"976","Andrew Lang",8.51,0.0562,0.019,0.00642857142857143,22,-1.2,-0.61,-0.8,-0.66,-1
"977","Armond Hill",8.47,0,0,-0.016875,14,-1.21,-1.82,-1.34,-1.11,-1.27
"978","Woody Sauldsberry",8.44,-0.0409,-0.0286,0,21,-1.22,-2.7,-2.16,-0.78,-1.69
"979","Mo Williams",8.41,0.0445,0.0226,0,44,-1.22,-0.86,-0.69,-0.78,-0.96
"980","Mirza Teletovic",8.4,0.0545,0.0158,-0.0142105263157895,12,-1.23,-0.64,-0.89,-1.06,-1.06
"981","Arron Afflalo",8.39,0.0224,0.0086,0.00771428571428572,13,-1.23,-1.33,-1.09,-0.64,-1.16
"982","Anthony Peeler",8.38,0.0169,0.0088,0.0331578947368421,40,-1.23,-1.45,-1.09,-0.15,-1.16
"983","Omer Asik",8.37,0.0529,0.0216,0.0218918918918919,18,-1.23,-0.68,-0.72,-0.36,-0.98
"984","Matthew Dellavedova",8.35,0.0345,0.0135,-0.0259615384615385,46,-1.24,-1.07,-0.95,-1.28,-1.09
"985","Clemon Johnson",8.32,0.0687,0.0242,0.0163636363636364,51,-1.25,-0.34,-0.65,-0.47,-0.95
"986","T.R. Dunn",8.31,0.0676,0.0303,0.0426315789473684,49,-1.25,-0.36,-0.47,0.03,-0.86
"987","Chris Duhon",8.31,0.0242,0.0103,0.00931034482758621,21,-1.25,-1.3,-1.05,-0.6,-1.15
"988","Rick Mahorn",8.15,0.085,0.0406,0.0254716981132075,84,-1.29,0.01,-0.18,-0.29,-0.74
"989","Juwan Howard",8.15,0.0391,0.0143,0,20,-1.29,-0.97,-0.93,-0.78,-1.11
"990","Walter McCarty",8.14,0.0906,0.0304,0.0293478260869565,28,-1.29,0.13,-0.47,-0.22,-0.88
"991","Luc Mbah a Moute",8.14,0.0502,0.025,0,27,-1.29,-0.74,-0.62,-0.78,-0.96
"992","Frank Brickowski",8.09,0.0488,0.0162,0.0145945945945946,16,-1.31,-0.77,-0.88,-0.5,-1.09
"993","Willie McCarter",8.08,-0.078,-0.0235,0,12,-1.31,-3.5,-2.02,-0.78,-1.66
"994","Malcolm Brogdon",8.05,0.013,0.0077,-0.0415384615384615,13,-1.32,-1.54,-1.12,-1.58,-1.22
"995","Matt Bonner",8.03,0.0882,0.0202,0.0143617021276596,49,-1.32,0.08,-0.76,-0.51,-1.04
"996","Darrick Martin",7.98,0.0162,0.004,-0.0216,16,-1.34,-1.47,-1.23,-1.2,-1.29
"997","Nick Young",7.97,0.0625,0.0161,0,27,-1.34,-0.47,-0.88,-0.78,-1.11
"998","Matt Guokas",7.95,0.0493,0.0183,-0.0045,41,-1.35,-0.76,-0.82,-0.87,-1.08
"999","Pat Riley",7.95,-0.0449,-0.0136,-0.0122727272727273,27,-1.35,-2.78,-1.73,-1.02,-1.54
"1000","Darnell Hillman",7.94,0,0,-0.015,18,-1.35,-1.82,-1.34,-1.07,-1.35
"1001","Tree Rollins",7.85,0.0692,0.028,0.0319354838709677,52,-1.37,-0.33,-0.54,-0.17,-0.96
"1002","Pat Garrity",7.83,0.0396,0.02,0,15,-1.38,-0.96,-0.77,-0.78,-1.07
"1003","Brian Scalabrine",7.8,0.0694,0.0154,0.00692307692307692,12,-1.38,-0.32,-0.9,-0.65,-1.14
"1004","Jim Krebs",7.79,0.0105,0.0041,0,45,-1.39,-1.59,-1.22,-0.78,-1.3
"1005","Lindsey Hunter",7.77,0.0232,0.0068,0.00918367346938776,118,-1.39,-1.32,-1.15,-0.61,-1.27
"1006","Corie Blount",7.77,0.069,0.0189,0.0145945945945946,21,-1.39,-0.33,-0.8,-0.5,-1.09
"1007","Marc Iavaroni",7.72,0.0799,0.0279,0.0251162790697674,29,-1.41,-0.1,-0.54,-0.3,-0.98
"1008","Rafer Alston",7.69,0.0546,0.0304,0.0385714285714286,47,-1.41,-0.64,-0.47,-0.04,-0.94
"1009","Dave Piontek",7.67,-0.0161,-0.0043,0,14,-1.42,-2.16,-1.46,-0.78,-1.44
"1010","Ron Mercer",7.65,0,0,-0.0245454545454545,11,-1.42,-1.82,-1.34,-1.25,-1.38
"1011","Terrence Ross",7.65,-0.008,-0.0032,-0.0174193548387097,31,-1.42,-1.99,-1.43,-1.12,-1.42
"1012","Al Bianchi",7.62,0.0059,0.0025,0,16,-1.43,-1.69,-1.27,-0.78,-1.35
"1013","Greg Buckner",7.51,0.0503,0.0158,0.00710526315789474,22,-1.46,-0.73,-0.89,-0.65,-1.18
"1014","Michael Curry",7.5,0.0703,0.0278,0,25,-1.46,-0.3,-0.54,-0.78,-1
"1015","John Barnhill",7.49,0.0342,0.0143,0,11,-1.47,-1.08,-0.93,-0.78,-1.2
"1016","Mark Bryant",7.48,0.0447,0.0114,-0.0170886075949367,21,-1.47,-0.85,-1.01,-1.11,-1.24
"1017","Wayne Hightower",7.45,-0.0299,-0.0136,0,22,-1.48,-2.46,-1.73,-0.78,-1.6
"1018","Bruce Bowen",7.45,0.0722,0.0467,0.074,132,-1.48,-0.26,0,0.64,-0.74
"1019","Danny Ferry",7.43,0.0599,0.0179,0.012089552238806,34,-1.48,-0.53,-0.83,-0.55,-1.16
"1020","Felton Spencer",7.36,0.0622,0.0278,0.015,34,-1.5,-0.48,-0.54,-0.5,-1.02
"1021","Jim Price",7.34,-0.0299,-0.013,-0.0117391304347826,19,-1.51,-2.46,-1.71,-1.01,-1.61
"1022","Harvey Catchings",7.34,0.0518,0.0113,0.020377358490566,16,-1.51,-0.7,-1.02,-0.39,-1.27
"1023","Norris Cole",7.33,0.0342,0.0118,-0.00397058823529412,45,-1.51,-1.08,-1,-0.86,-1.25
"1024","Steve Blake",7.26,0.031,0.0132,0.010188679245283,32,-1.53,-1.15,-0.96,-0.59,-1.25
"1025","Samaki Walker",7.17,0.1062,0.0229,0.005625,23,-1.55,0.47,-0.68,-0.68,-1.12
"1026","Pablo Prigioni",7.15,0.0787,0.0273,0.0163636363636364,28,-1.56,-0.12,-0.56,-0.47,-1.06
"1027","Carlos Delfino",7.12,0.0227,0.0073,0.0131707317073171,17,-1.57,-1.33,-1.13,-0.53,-1.35
"1028","Steven Hunter",7.1,0.0372,0.0083,0,15,-1.57,-1.02,-1.1,-0.78,-1.34
"1029","Jerry Sichting",7.09,0.0147,0.0043,-0.0172340425531915,41,-1.57,-1.5,-1.22,-1.11,-1.4
"1030","Sam Young",7.09,0.0369,0.01,-0.018,13,-1.57,-1.02,-1.05,-1.13,-1.31
"1031","DeShawn Stevenson",7.06,0.0129,0.0048,0.00642857142857143,31,-1.58,-1.54,-1.2,-0.66,-1.39
"1032","Shane Larkin",7.05,0.0585,0.0154,0,11,-1.58,-0.56,-0.9,-0.78,-1.24
"1033","Sam Mitchell",7.01,0.0281,0.0085,-0.013728813559322,26,-1.59,-1.21,-1.1,-1.05,-1.35
"1034","Greg Foster",6.87,0.0333,0.009,-0.012089552238806,40,-1.63,-1.1,-1.08,-1.02,-1.36
"1035","Hubert Davis",6.76,0.0292,0.0102,-0.0110204081632653,42,-1.66,-1.19,-1.05,-0.99,-1.36
"1036","Wilson Chandler",6.62,-0.015,-0.0091,-0.0245454545454545,11,-1.7,-2.14,-1.6,-1.25,-1.65
"1037","Gordan Giricek",6.56,0.0079,0.0034,-0.00931034482758621,24,-1.71,-1.65,-1.24,-0.96,-1.48
"1038","Beno Udrih",6.53,0.008,0.0019,-0.010188679245283,38,-1.72,-1.64,-1.29,-0.98,-1.5
"1039","Carl Herrera",6.51,0.0382,0.0098,-0.0131707317073171,28,-1.73,-0.99,-1.06,-1.04,-1.4
"1040","Chris Dudley",6.47,0.0524,0.0153,0.013728813559322,18,-1.74,-0.69,-0.9,-0.52,-1.32
"1041","Charles Davis",6.32,-0.0202,-0.0041,-0.0220408163265306,29,-1.78,-2.25,-1.46,-1.21,-1.62
"1042","Randy Foye",6.3,0.01,0.0037,0,27,-1.78,-1.6,-1.24,-0.78,-1.51
"1043","Mark Landsberger",6.27,0.0333,0.0073,-0.0263414634146341,27,-1.79,-1.1,-1.13,-1.29,-1.46
"1044","Erwin Mueller",6.26,-0.0431,-0.0176,0,14,-1.79,-2.75,-1.85,-0.78,-1.82
"1045","John Salmons",6.24,0.0553,0.0286,0.0385714285714286,14,-1.8,-0.63,-0.52,-0.04,-1.16
"1046","Donald Royal",6.19,0,0,-0.03,18,-1.81,-1.82,-1.34,-1.36,-1.58
"1047","Keith Askins",6.1,0.0577,0.0148,0.02,12,-1.84,-0.57,-0.92,-0.4,-1.38
"1048","Robert Pack",6.03,-0.022,-0.0061,0,12,-1.85,-2.29,-1.52,-0.78,-1.68
"1049","Keith Bogans",5.98,0.0637,0.025,0.0225,26,-1.87,-0.44,-0.62,-0.35,-1.25
"1050","Malik Allen",5.87,0.0148,0.0034,0,16,-1.9,-1.5,-1.24,-0.78,-1.57
"1051","Daequan Cook",5.76,0,0,-0.0176086956521739,24,-1.93,-1.82,-1.34,-1.12,-1.64
"1052","Jarron Collins",5.73,0.044,0.0083,-0.0075,11,-1.93,-0.87,-1.1,-0.93,-1.52
"1053","Jason Collins",5.69,0.0566,0.0253,0.00284210526315789,87,-1.94,-0.6,-0.61,-0.73,-1.27
"1054","Joe Ellis",5.59,-0.1169,-0.0368,0,20,-1.97,-4.34,-2.4,-0.78,-2.19
"1055","Tony Snell",5.46,0.038,0.0138,0.00931034482758621,24,-2.01,-1,-0.95,-0.6,-1.48
"1056","Pero Antic",5.45,0.013,0.0045,-0.0245454545454545,22,-2.01,-1.54,-1.21,-1.25,-1.61
"1057","Kent Bazemore",5.37,0.0363,0.0146,0.00658536585365854,32,-2.03,-1.04,-0.92,-0.66,-1.47
"1058","Rodney Hood",5.3,-0.05,-0.0208,-0.05625,24,-2.05,-2.89,-1.94,-1.86,-1.99
"1059","Roger Mason",5.24,0,0,-0.0225,11,-2.06,-1.82,-1.34,-1.21,-1.7
"1060","Jaren Jackson",5.05,0.0593,0.0231,0.0346153846153846,26,-2.11,-0.54,-0.68,-0.12,-1.4
"1061","Mike O'Koren",4.92,0.0144,0.005,0,11,-2.15,-1.51,-1.2,-0.78,-1.67
"1062","Ennis Whatley",4.71,-0.0554,-0.0097,-0.0174193548387097,11,-2.2,-3.01,-1.62,-1.12,-1.91
"1063","Sasha Pavlovic",4.7,0.0223,0.0077,-0.00519230769230769,28,-2.21,-1.34,-1.12,-0.88,-1.66
"1064","Charles Jones",4.69,0.0459,0.0125,0,23,-2.21,-0.83,-0.98,-0.78,-1.6
"1065","Leon Douglas",4.5,-0.0128,-0.0056,-0.045,15,-2.26,-2.09,-1.5,-1.65,-1.88
"1066","Rowland Garrett",4.46,-0.031,-0.0053,-0.0426315789473684,12,-2.27,-2.49,-1.49,-1.6,-1.88
"1067","Kevin Stacom",4.34,0,0,-0.0207692307692308,17,-2.3,-1.82,-1.34,-1.18,-1.82
"1068","Mark Madsen",4.29,0.0535,0.0102,-0.00551020408163265,29,-2.32,-0.66,-1.05,-0.89,-1.68
"1069","Jacque Vaughn",4.28,-0.0314,-0.0067,-0.0324,38,-2.32,-2.49,-1.53,-1.4,-1.92
"1070","Gary Phillips",3.81,0,0,0,11,-2.44,-1.82,-1.34,-0.78,-1.89
"1071","Jordan Clarkson",3.8,-0.0923,-0.0294,-0.0794117647058824,17,-2.45,-3.81,-2.19,-2.31,-2.32
"1072","Jim Loscutoff",3.37,-0.0123,-0.0029,0,24,-2.56,-2.08,-1.42,-0.78,-1.99
"1073","Semi Ojeleye",2.9,0.0209,0.0059,-0.0158823529411765,17,-2.68,-1.37,-1.17,-1.09,-1.92
"1074","Michael Olowokandi",2,-0.0429,-0.0133,-0.036,15,-2.92,-2.74,-1.72,-1.47,-2.32
